,leiden_1.0,scATAcat_annotation,ground_truth_annotation
CLP_1,9,CLP,CLP
CMP_0,4,CMP,CMP
CMP_1,4,CMP,CMP
CMP_2,0,CMP,CMP
CMP_3,7,MEP,CMP
CMP_4,1,GMP,CMP
CMP_5,0,CMP,CMP
CMP_6,6,MPP,CMP
CMP_7,4,CMP,CMP
CMP_8,0,CMP,CMP
CMP_9,0,CMP,CMP
CMP_10,4,CMP,CMP
CMP_11,4,CMP,CMP
CMP_12,6,MPP,CMP
CMP_13,0,CMP,CMP
CMP_14,0,CMP,CMP
CMP_15,4,CMP,CMP
CMP_17,4,CMP,CMP
CMP_18,0,CMP,CMP
CMP_19,1,GMP,CMP
CMP_20,4,CMP,CMP
CMP_21,6,MPP,CMP
CMP_22,6,MPP,CMP
CMP_23,4,CMP,CMP
CMP_24,4,CMP,CMP
CMP_25,1,GMP,CMP
CMP_26,1,GMP,CMP
CMP_27,4,CMP,CMP
CMP_28,0,CMP,CMP
CMP_29,4,CMP,CMP
CMP_30,0,CMP,CMP
CMP_31,6,MPP,CMP
CMP_32,3,HSC,CMP
CMP_33,0,CMP,CMP
CMP_34,6,MPP,CMP
CMP_35,6,MPP,CMP
CMP_36,4,CMP,CMP
CMP_37,0,CMP,CMP
CMP_38,4,CMP,CMP
CMP_39,0,CMP,CMP
CMP_40,0,CMP,CMP
CMP_41,0,CMP,CMP
CMP_42,6,MPP,CMP
CMP_43,4,CMP,CMP
CMP_44,10,MEP,CMP
CMP_45,6,MPP,CMP
CMP_48,3,HSC,CMP
CMP_49,6,MPP,CMP
CMP_50,10,MEP,CMP
CMP_51,6,MPP,CMP
CMP_52,1,GMP,CMP
CMP_53,6,MPP,CMP
CMP_54,10,MEP,CMP
CMP_55,6,MPP,CMP
CMP_56,0,CMP,CMP
CMP_57,0,CMP,CMP
CMP_58,4,CMP,CMP
CMP_59,0,CMP,CMP
CMP_60,6,MPP,CMP
CMP_61,3,HSC,CMP
CMP_62,0,CMP,CMP
CMP_63,0,CMP,CMP
CMP_64,6,MPP,CMP
CMP_65,1,GMP,CMP
CMP_66,5,MPP,CMP
CMP_67,0,CMP,CMP
CMP_68,4,CMP,CMP
CMP_69,4,CMP,CMP
CMP_70,6,MPP,CMP
CMP_71,5,MPP,CMP
CMP_72,0,CMP,CMP
CMP_73,6,MPP,CMP
CMP_74,4,CMP,CMP
CMP_75,6,MPP,CMP
CMP_76,4,CMP,CMP
CMP_77,4,CMP,CMP
CMP_78,3,HSC,CMP
CMP_79,1,GMP,CMP
CMP_80,0,CMP,CMP
CMP_81,1,GMP,CMP
CMP_82,5,MPP,CMP
CMP_83,1,GMP,CMP
CMP_84,4,CMP,CMP
CMP_85,4,CMP,CMP
CMP_86,5,MPP,CMP
CMP_87,0,CMP,CMP
CMP_88,4,CMP,CMP
CMP_89,0,CMP,CMP
CMP_90,0,CMP,CMP
CMP_91,10,MEP,CMP
CMP_92,0,CMP,CMP
CMP_93,0,CMP,CMP
CMP_94,5,MPP,CMP
CMP_95,0,CMP,CMP
CMP_96,4,CMP,CMP
CMP_97,4,CMP,CMP
CMP_98,0,CMP,CMP
CMP_99,0,CMP,CMP
CMP_100,0,CMP,CMP
CMP_101,4,CMP,CMP
CMP_102,7,MEP,CMP
CMP_103,4,CMP,CMP
CMP_104,0,CMP,CMP
CMP_105,6,MPP,CMP
CMP_106,5,MPP,CMP
CMP_107,0,CMP,CMP
CMP_108,6,MPP,CMP
CMP_109,4,CMP,CMP
CMP_110,4,CMP,CMP
CMP_111,0,CMP,CMP
CMP_112,0,CMP,CMP
CMP_113,0,CMP,CMP
CMP_114,4,CMP,CMP
CMP_115,4,CMP,CMP
CMP_116,0,CMP,CMP
CMP_117,4,CMP,CMP
CMP_118,6,MPP,CMP
CMP_119,0,CMP,CMP
CMP_120,0,CMP,CMP
CMP_121,4,CMP,CMP
CMP_122,6,MPP,CMP
CMP_123,0,CMP,CMP
CMP_124,4,CMP,CMP
CMP_125,6,MPP,CMP
CMP_126,0,CMP,CMP
CMP_127,6,MPP,CMP
CMP_128,6,MPP,CMP
CMP_129,7,MEP,CMP
CMP_130,6,MPP,CMP
CMP_131,0,CMP,CMP
CMP_132,4,CMP,CMP
CMP_133,0,CMP,CMP
CMP_134,4,CMP,CMP
CMP_135,7,MEP,CMP
CMP_136,5,MPP,CMP
CMP_137,4,CMP,CMP
CMP_138,0,CMP,CMP
CMP_139,0,CMP,CMP
CMP_140,4,CMP,CMP
CMP_141,4,CMP,CMP
CMP_142,7,MEP,CMP
CMP_143,0,CMP,CMP
CMP_144,0,CMP,CMP
CMP_145,4,CMP,CMP
CMP_146,4,CMP,CMP
CMP_147,0,CMP,CMP
CMP_148,0,CMP,CMP
CMP_149,7,MEP,CMP
CMP_150,1,GMP,CMP
CMP_151,4,CMP,CMP
CMP_152,0,CMP,CMP
CMP_153,7,MEP,CMP
CMP_154,0,CMP,CMP
CMP_155,4,CMP,CMP
CMP_156,2,HSC,CMP
CMP_157,0,CMP,CMP
CMP_158,0,CMP,CMP
CMP_159,1,GMP,CMP
CMP_160,4,CMP,CMP
CMP_161,0,CMP,CMP
CMP_162,0,CMP,CMP
CMP_163,6,MPP,CMP
CMP_164,0,CMP,CMP
CMP_165,6,MPP,CMP
CMP_166,6,MPP,CMP
CMP_167,6,MPP,CMP
CMP_168,0,CMP,CMP
CMP_169,0,CMP,CMP
CMP_170,0,CMP,CMP
CMP_171,1,GMP,CMP
CMP_172,1,GMP,CMP
CMP_173,4,CMP,CMP
CMP_174,0,CMP,CMP
CMP_175,0,CMP,CMP
CMP_176,6,MPP,CMP
CMP_177,0,CMP,CMP
CMP_178,4,CMP,CMP
CMP_179,0,CMP,CMP
CMP_180,4,CMP,CMP
CMP_181,4,CMP,CMP
CMP_182,0,CMP,CMP
CMP_183,4,CMP,CMP
CMP_184,0,CMP,CMP
CMP_185,0,CMP,CMP
CMP_186,4,CMP,CMP
CMP_188,0,CMP,CMP
CMP_189,10,MEP,CMP
CMP_190,6,MPP,CMP
CMP_191,0,CMP,CMP
CMP_192,4,CMP,CMP
CMP_193,4,CMP,CMP
CMP_194,5,MPP,CMP
CMP_196,4,CMP,CMP
CMP_197,4,CMP,CMP
CMP_198,4,CMP,CMP
CMP_199,0,CMP,CMP
CMP_200,4,CMP,CMP
CMP_201,6,MPP,CMP
CMP_202,0,CMP,CMP
CMP_203,1,GMP,CMP
CMP_204,0,CMP,CMP
CMP_205,0,CMP,CMP
CMP_206,0,CMP,CMP
CMP_207,0,CMP,CMP
CMP_208,5,MPP,CMP
CMP_209,6,MPP,CMP
CMP_210,4,CMP,CMP
CMP_211,0,CMP,CMP
CMP_212,4,CMP,CMP
CMP_213,0,CMP,CMP
CMP_215,4,CMP,CMP
CMP_216,0,CMP,CMP
CMP_217,10,MEP,CMP
CMP_218,0,CMP,CMP
CMP_219,4,CMP,CMP
CMP_221,0,CMP,CMP
CMP_222,0,CMP,CMP
CMP_223,0,CMP,CMP
CMP_224,0,CMP,CMP
CMP_225,0,CMP,CMP
CMP_226,4,CMP,CMP
CMP_227,5,MPP,CMP
CMP_228,0,CMP,CMP
CMP_229,4,CMP,CMP
CMP_230,0,CMP,CMP
CMP_231,0,CMP,CMP
CMP_232,4,CMP,CMP
CMP_233,0,CMP,CMP
CMP_234,0,CMP,CMP
CMP_235,0,CMP,CMP
CMP_236,6,MPP,CMP
CMP_237,0,CMP,CMP
CMP_238,0,CMP,CMP
CMP_240,4,CMP,CMP
CMP_241,4,CMP,CMP
CMP_242,4,CMP,CMP
CMP_243,0,CMP,CMP
CMP_244,5,MPP,CMP
CMP_245,0,CMP,CMP
CMP_246,0,CMP,CMP
CMP_247,6,MPP,CMP
CMP_248,0,CMP,CMP
CMP_249,0,CMP,CMP
CMP_250,6,MPP,CMP
CMP_251,0,CMP,CMP
CMP_252,4,CMP,CMP
CMP_253,7,MEP,CMP
CMP_254,0,CMP,CMP
CMP_255,6,MPP,CMP
CMP_256,0,CMP,CMP
CMP_257,0,CMP,CMP
CMP_258,0,CMP,CMP
CMP_259,6,MPP,CMP
CMP_260,5,MPP,CMP
CMP_261,0,CMP,CMP
CMP_262,0,CMP,CMP
CMP_263,0,CMP,CMP
CMP_264,0,CMP,CMP
CMP_265,4,CMP,CMP
CMP_266,0,CMP,CMP
CMP_267,0,CMP,CMP
CMP_268,4,CMP,CMP
CMP_269,0,CMP,CMP
CMP_270,0,CMP,CMP
CMP_271,4,CMP,CMP
CMP_273,0,CMP,CMP
CMP_274,0,CMP,CMP
CMP_275,4,CMP,CMP
CMP_277,0,CMP,CMP
CMP_278,0,CMP,CMP
CMP_279,0,CMP,CMP
CMP_280,0,CMP,CMP
CMP_281,6,MPP,CMP
CMP_282,0,CMP,CMP
CMP_284,0,CMP,CMP
CMP_285,6,MPP,CMP
CMP_286,0,CMP,CMP
CMP_287,0,CMP,CMP
CMP_288,0,CMP,CMP
CMP_289,6,MPP,CMP
CMP_290,4,CMP,CMP
CMP_291,4,CMP,CMP
CMP_292,3,HSC,CMP
CMP_295,4,CMP,CMP
CMP_296,4,CMP,CMP
CMP_297,6,MPP,CMP
CMP_298,3,HSC,CMP
CMP_299,4,CMP,CMP
CMP_300,4,CMP,CMP
CMP_301,6,MPP,CMP
CMP_302,6,MPP,CMP
CMP_303,4,CMP,CMP
CMP_304,0,CMP,CMP
CMP_305,0,CMP,CMP
CMP_306,5,MPP,CMP
CMP_307,4,CMP,CMP
CMP_308,6,MPP,CMP
CMP_309,4,CMP,CMP
CMP_310,0,CMP,CMP
CMP_311,4,CMP,CMP
CMP_312,6,MPP,CMP
CMP_313,4,CMP,CMP
CMP_314,0,CMP,CMP
CMP_315,0,CMP,CMP
CMP_316,7,MEP,CMP
CMP_317,0,CMP,CMP
CMP_318,6,MPP,CMP
CMP_319,4,CMP,CMP
CMP_320,10,MEP,CMP
CMP_321,0,CMP,CMP
CMP_322,6,MPP,CMP
CMP_323,4,CMP,CMP
CMP_324,0,CMP,CMP
CMP_325,4,CMP,CMP
CMP_326,0,CMP,CMP
CMP_327,0,CMP,CMP
CMP_328,4,CMP,CMP
CMP_329,0,CMP,CMP
CMP_330,6,MPP,CMP
CMP_331,0,CMP,CMP
CMP_332,0,CMP,CMP
CMP_333,4,CMP,CMP
CMP_334,4,CMP,CMP
CMP_335,4,CMP,CMP
CMP_336,6,MPP,CMP
CMP_337,5,MPP,CMP
CMP_338,4,CMP,CMP
CMP_339,5,MPP,CMP
CMP_340,6,MPP,CMP
CMP_341,0,CMP,CMP
CMP_342,5,MPP,CMP
CMP_343,4,CMP,CMP
CMP_344,0,CMP,CMP
CMP_345,0,CMP,CMP
CMP_346,0,CMP,CMP
CMP_347,0,CMP,CMP
CMP_348,4,CMP,CMP
CMP_349,4,CMP,CMP
CMP_350,5,MPP,CMP
CMP_351,4,CMP,CMP
CMP_352,4,CMP,CMP
CMP_353,0,CMP,CMP
CMP_354,4,CMP,CMP
CMP_355,0,CMP,CMP
CMP_356,6,MPP,CMP
CMP_357,0,CMP,CMP
CMP_358,6,MPP,CMP
CMP_359,4,CMP,CMP
CMP_360,5,MPP,CMP
CMP_361,0,CMP,CMP
CMP_362,4,CMP,CMP
CMP_363,4,CMP,CMP
CMP_364,4,CMP,CMP
CMP_365,0,CMP,CMP
CMP_366,0,CMP,CMP
CMP_367,0,CMP,CMP
CMP_368,4,CMP,CMP
CMP_369,5,MPP,CMP
CMP_370,6,MPP,CMP
CMP_371,7,MEP,CMP
CMP_372,6,MPP,CMP
CMP_373,0,CMP,CMP
CMP_374,6,MPP,CMP
CMP_375,0,CMP,CMP
CMP_376,0,CMP,CMP
CMP_377,6,MPP,CMP
CMP_378,0,CMP,CMP
CMP_379,4,CMP,CMP
CMP_381,0,CMP,CMP
CMP_382,4,CMP,CMP
CMP_383,0,CMP,CMP
CMP_384,6,MPP,CMP
CMP_386,10,MEP,CMP
CMP_387,1,GMP,CMP
CMP_388,4,CMP,CMP
CMP_389,6,MPP,CMP
CMP_390,1,GMP,CMP
CMP_391,1,GMP,CMP
CMP_392,6,MPP,CMP
CMP_393,4,CMP,CMP
CMP_394,4,CMP,CMP
CMP_395,10,MEP,CMP
CMP_396,6,MPP,CMP
CMP_397,1,GMP,CMP
CMP_398,6,MPP,CMP
CMP_399,0,CMP,CMP
CMP_400,7,MEP,CMP
CMP_401,0,CMP,CMP
CMP_402,0,CMP,CMP
CMP_403,4,CMP,CMP
CMP_404,4,CMP,CMP
CMP_405,6,MPP,CMP
CMP_406,0,CMP,CMP
CMP_407,4,CMP,CMP
CMP_408,6,MPP,CMP
CMP_409,10,MEP,CMP
CMP_410,5,MPP,CMP
CMP_411,0,CMP,CMP
CMP_412,0,CMP,CMP
CMP_413,6,MPP,CMP
CMP_414,4,CMP,CMP
CMP_415,6,MPP,CMP
CMP_416,5,MPP,CMP
CMP_417,0,CMP,CMP
CMP_418,0,CMP,CMP
CMP_419,0,CMP,CMP
CMP_420,5,MPP,CMP
CMP_421,6,MPP,CMP
CMP_422,6,MPP,CMP
CMP_423,0,CMP,CMP
CMP_424,4,CMP,CMP
CMP_425,4,CMP,CMP
CMP_426,6,MPP,CMP
CMP_427,0,CMP,CMP
CMP_428,0,CMP,CMP
CMP_429,0,CMP,CMP
CMP_430,7,MEP,CMP
CMP_431,0,CMP,CMP
CMP_432,4,CMP,CMP
CMP_433,0,CMP,CMP
CMP_434,1,GMP,CMP
CMP_435,0,CMP,CMP
CMP_436,0,CMP,CMP
CMP_437,4,CMP,CMP
CMP_438,7,MEP,CMP
CMP_439,4,CMP,CMP
CMP_440,0,CMP,CMP
CMP_441,0,CMP,CMP
CMP_442,4,CMP,CMP
CMP_443,6,MPP,CMP
CMP_444,0,CMP,CMP
CMP_445,4,CMP,CMP
CMP_446,5,MPP,CMP
CMP_447,4,CMP,CMP
CMP_448,6,MPP,CMP
CMP_449,6,MPP,CMP
CMP_450,6,MPP,CMP
CMP_451,0,CMP,CMP
CMP_452,4,CMP,CMP
CMP_453,6,MPP,CMP
CMP_454,5,MPP,CMP
CMP_455,6,MPP,CMP
CMP_456,4,CMP,CMP
CMP_457,4,CMP,CMP
CMP_458,6,MPP,CMP
CMP_459,6,MPP,CMP
CMP_460,4,CMP,CMP
CMP_461,4,CMP,CMP
CMP_462,0,CMP,CMP
CMP_463,6,MPP,CMP
CMP_464,6,MPP,CMP
CMP_465,4,CMP,CMP
CMP_466,0,CMP,CMP
CMP_467,6,MPP,CMP
CMP_468,7,MEP,CMP
CMP_469,6,MPP,CMP
CMP_470,5,MPP,CMP
CMP_471,6,MPP,CMP
CMP_472,4,CMP,CMP
CMP_473,4,CMP,CMP
CMP_474,4,CMP,CMP
CMP_475,0,CMP,CMP
CMP_476,0,CMP,CMP
CMP_477,0,CMP,CMP
CMP_478,5,MPP,CMP
CMP_479,4,CMP,CMP
CMP_480,4,CMP,CMP
CMP_481,4,CMP,CMP
CMP_482,0,CMP,CMP
CMP_483,1,GMP,CMP
CMP_484,0,CMP,CMP
CMP_485,4,CMP,CMP
CMP_486,4,CMP,CMP
CMP_489,6,MPP,CMP
CMP_491,0,CMP,CMP
CMP_493,0,CMP,CMP
CMP_496,0,CMP,CMP
CMP_497,0,CMP,CMP
CMP_498,4,CMP,CMP
CMP_499,6,MPP,CMP
CMP_501,6,MPP,CMP
CMP_502,4,CMP,CMP
CMP_503,4,CMP,CMP
CMP_505,4,CMP,CMP
CMP_506,0,CMP,CMP
CMP_507,6,MPP,CMP
CMP_508,6,MPP,CMP
CMP_509,4,CMP,CMP
CMP_510,6,MPP,CMP
CMP_511,6,MPP,CMP
CMP_512,5,MPP,CMP
CMP_513,6,MPP,CMP
CMP_514,6,MPP,CMP
CMP_515,6,MPP,CMP
CMP_516,1,GMP,CMP
CMP_517,6,MPP,CMP
CMP_518,6,MPP,CMP
CMP_519,4,CMP,CMP
CMP_520,6,MPP,CMP
CMP_521,4,CMP,CMP
CMP_522,0,CMP,CMP
CMP_523,4,CMP,CMP
CMP_524,0,CMP,CMP
CMP_525,0,CMP,CMP
CMP_526,0,CMP,CMP
CMP_527,0,CMP,CMP
CMP_528,4,CMP,CMP
CMP_529,4,CMP,CMP
CMP_530,4,CMP,CMP
CMP_531,4,CMP,CMP
CMP_532,0,CMP,CMP
CMP_533,4,CMP,CMP
CMP_534,4,CMP,CMP
CMP_535,0,CMP,CMP
CMP_536,6,MPP,CMP
CMP_537,0,CMP,CMP
CMP_538,0,CMP,CMP
CMP_539,4,CMP,CMP
CMP_540,4,CMP,CMP
CMP_541,0,CMP,CMP
CMP_542,0,CMP,CMP
CMP_543,0,CMP,CMP
CMP_544,0,CMP,CMP
CMP_545,4,CMP,CMP
CMP_546,0,CMP,CMP
CMP_547,0,CMP,CMP
CMP_548,0,CMP,CMP
CMP_549,0,CMP,CMP
CMP_550,6,MPP,CMP
CMP_551,4,CMP,CMP
CMP_552,0,CMP,CMP
CMP_553,0,CMP,CMP
CMP_554,6,MPP,CMP
CMP_555,0,CMP,CMP
CMP_556,5,MPP,CMP
CMP_557,0,CMP,CMP
CMP_558,10,MEP,CMP
CMP_559,0,CMP,CMP
CMP_560,5,MPP,CMP
CMP_561,1,GMP,CMP
CMP_562,4,CMP,CMP
CMP_563,6,MPP,CMP
CMP_564,0,CMP,CMP
CMP_565,0,CMP,CMP
CMP_566,0,CMP,CMP
CMP_567,0,CMP,CMP
CMP_568,4,CMP,CMP
CMP_569,6,MPP,CMP
CMP_570,0,CMP,CMP
CMP_571,0,CMP,CMP
CMP_572,4,CMP,CMP
CMP_573,0,CMP,CMP
CMP_574,0,CMP,CMP
CMP_575,0,CMP,CMP
CMP_576,0,CMP,CMP
CMP_577,0,CMP,CMP
CMP_578,2,HSC,CMP
CMP_579,4,CMP,CMP
CMP_580,0,CMP,CMP
CMP_581,2,HSC,CMP
CMP_582,0,CMP,CMP
CMP_583,0,CMP,CMP
CMP_584,0,CMP,CMP
CMP_585,7,MEP,CMP
CMP_586,2,HSC,CMP
CMP_587,2,HSC,CMP
CMP_588,0,CMP,CMP
CMP_589,0,CMP,CMP
CMP_590,0,CMP,CMP
CMP_593,2,HSC,CMP
CMP_594,0,CMP,CMP
CMP_595,0,CMP,CMP
CMP_596,7,MEP,CMP
CMP_597,0,CMP,CMP
CMP_598,0,CMP,CMP
CMP_599,6,MPP,CMP
CMP_600,7,MEP,CMP
CMP_601,2,HSC,CMP
CMP_602,0,CMP,CMP
CMP_603,6,MPP,CMP
CMP_605,7,MEP,CMP
CMP_606,4,CMP,CMP
CMP_607,2,HSC,CMP
CMP_608,0,CMP,CMP
CMP_609,0,CMP,CMP
CMP_610,0,CMP,CMP
CMP_611,2,HSC,CMP
CMP_612,4,CMP,CMP
CMP_613,0,CMP,CMP
CMP_614,0,CMP,CMP
CMP_615,0,CMP,CMP
CMP_616,4,CMP,CMP
CMP_617,0,CMP,CMP
CMP_618,0,CMP,CMP
CMP_619,0,CMP,CMP
CMP_620,8,LMPP,CMP
CMP_621,2,HSC,CMP
CMP_622,0,CMP,CMP
CMP_623,4,CMP,CMP
CMP_624,0,CMP,CMP
CMP_625,0,CMP,CMP
CMP_626,0,CMP,CMP
CMP_627,4,CMP,CMP
CMP_628,2,HSC,CMP
CMP_629,7,MEP,CMP
CMP_630,0,CMP,CMP
CMP_631,4,CMP,CMP
CMP_632,0,CMP,CMP
CMP_633,4,CMP,CMP
CMP_634,4,CMP,CMP
CMP_635,0,CMP,CMP
CMP_636,4,CMP,CMP
CMP_637,10,MEP,CMP
CMP_638,0,CMP,CMP
CMP_639,0,CMP,CMP
CMP_640,4,CMP,CMP
CMP_641,0,CMP,CMP
CMP_642,0,CMP,CMP
CMP_643,0,CMP,CMP
CMP_644,0,CMP,CMP
CMP_645,0,CMP,CMP
CMP_646,0,CMP,CMP
CMP_647,2,HSC,CMP
CMP_648,0,CMP,CMP
CMP_649,4,CMP,CMP
CMP_650,0,CMP,CMP
CMP_651,4,CMP,CMP
CMP_652,4,CMP,CMP
CMP_653,4,CMP,CMP
CMP_654,2,HSC,CMP
CMP_655,4,CMP,CMP
CMP_656,4,CMP,CMP
CMP_657,0,CMP,CMP
CMP_658,0,CMP,CMP
CMP_659,2,HSC,CMP
CMP_660,2,HSC,CMP
CMP_661,4,CMP,CMP
CMP_662,2,HSC,CMP
CMP_663,0,CMP,CMP
CMP_664,6,MPP,CMP
CMP_665,10,MEP,CMP
CMP_666,4,CMP,CMP
CMP_667,1,GMP,CMP
CMP_669,0,CMP,CMP
CMP_670,0,CMP,CMP
CMP_671,0,CMP,CMP
HSC_0,5,MPP,HSC
HSC_1,3,HSC,HSC
HSC_2,5,MPP,HSC
HSC_3,3,HSC,HSC
HSC_4,3,HSC,HSC
HSC_5,3,HSC,HSC
HSC_6,3,HSC,HSC
HSC_7,5,MPP,HSC
HSC_8,5,MPP,HSC
HSC_9,3,HSC,HSC
HSC_10,3,HSC,HSC
HSC_11,6,MPP,HSC
HSC_12,5,MPP,HSC
HSC_13,5,MPP,HSC
HSC_14,5,MPP,HSC
HSC_15,5,MPP,HSC
HSC_16,5,MPP,HSC
HSC_17,6,MPP,HSC
HSC_18,5,MPP,HSC
HSC_19,3,HSC,HSC
HSC_20,3,HSC,HSC
HSC_21,5,MPP,HSC
HSC_22,3,HSC,HSC
HSC_23,5,MPP,HSC
HSC_24,3,HSC,HSC
HSC_25,3,HSC,HSC
HSC_26,5,MPP,HSC
HSC_27,3,HSC,HSC
HSC_28,3,HSC,HSC
HSC_30,5,MPP,HSC
HSC_31,3,HSC,HSC
HSC_32,5,MPP,HSC
HSC_33,5,MPP,HSC
HSC_34,3,HSC,HSC
HSC_35,5,MPP,HSC
HSC_36,5,MPP,HSC
HSC_37,3,HSC,HSC
HSC_38,3,HSC,HSC
HSC_39,5,MPP,HSC
HSC_40,6,MPP,HSC
HSC_41,5,MPP,HSC
HSC_42,5,MPP,HSC
HSC_43,3,HSC,HSC
HSC_44,3,HSC,HSC
HSC_45,5,MPP,HSC
HSC_46,3,HSC,HSC
HSC_47,5,MPP,HSC
HSC_48,3,HSC,HSC
HSC_49,3,HSC,HSC
HSC_50,5,MPP,HSC
HSC_51,3,HSC,HSC
HSC_52,3,HSC,HSC
HSC_53,5,MPP,HSC
HSC_54,3,HSC,HSC
HSC_55,5,MPP,HSC
HSC_56,3,HSC,HSC
HSC_57,3,HSC,HSC
HSC_58,3,HSC,HSC
HSC_59,3,HSC,HSC
HSC_60,6,MPP,HSC
HSC_61,3,HSC,HSC
HSC_62,5,MPP,HSC
HSC_63,5,MPP,HSC
HSC_64,5,MPP,HSC
HSC_65,5,MPP,HSC
HSC_66,2,HSC,HSC
HSC_67,3,HSC,HSC
HSC_68,3,HSC,HSC
HSC_69,6,MPP,HSC
HSC_70,3,HSC,HSC
HSC_71,3,HSC,HSC
HSC_72,5,MPP,HSC
HSC_73,3,HSC,HSC
HSC_74,5,MPP,HSC
HSC_75,6,MPP,HSC
HSC_76,5,MPP,HSC
HSC_77,5,MPP,HSC
HSC_78,3,HSC,HSC
HSC_79,3,HSC,HSC
HSC_80,3,HSC,HSC
HSC_81,3,HSC,HSC
HSC_82,3,HSC,HSC
HSC_83,5,MPP,HSC
HSC_84,3,HSC,HSC
HSC_86,5,MPP,HSC
HSC_87,6,MPP,HSC
HSC_88,5,MPP,HSC
HSC_89,5,MPP,HSC
HSC_90,3,HSC,HSC
HSC_91,5,MPP,HSC
HSC_93,6,MPP,HSC
HSC_94,3,HSC,HSC
HSC_95,6,MPP,HSC
HSC_96,5,MPP,HSC
HSC_97,5,MPP,HSC
HSC_98,5,MPP,HSC
HSC_99,5,MPP,HSC
HSC_100,5,MPP,HSC
HSC_101,5,MPP,HSC
HSC_102,3,HSC,HSC
HSC_103,5,MPP,HSC
HSC_104,5,MPP,HSC
HSC_105,3,HSC,HSC
HSC_106,3,HSC,HSC
HSC_107,3,HSC,HSC
HSC_109,2,HSC,HSC
HSC_113,3,HSC,HSC
HSC_115,5,MPP,HSC
HSC_117,5,MPP,HSC
HSC_118,3,HSC,HSC
HSC_120,3,HSC,HSC
HSC_121,5,MPP,HSC
HSC_122,3,HSC,HSC
HSC_123,3,HSC,HSC
HSC_124,3,HSC,HSC
HSC_125,3,HSC,HSC
HSC_126,6,MPP,HSC
HSC_127,3,HSC,HSC
HSC_128,3,HSC,HSC
HSC_129,3,HSC,HSC
HSC_130,3,HSC,HSC
HSC_131,3,HSC,HSC
HSC_132,5,MPP,HSC
HSC_133,3,HSC,HSC
HSC_134,3,HSC,HSC
HSC_135,3,HSC,HSC
HSC_136,3,HSC,HSC
HSC_137,5,MPP,HSC
HSC_138,3,HSC,HSC
HSC_139,5,MPP,HSC
HSC_140,5,MPP,HSC
HSC_141,3,HSC,HSC
HSC_142,5,MPP,HSC
HSC_144,5,MPP,HSC
HSC_145,6,MPP,HSC
HSC_146,3,HSC,HSC
HSC_147,3,HSC,HSC
HSC_148,5,MPP,HSC
HSC_149,5,MPP,HSC
HSC_150,3,HSC,HSC
HSC_151,5,MPP,HSC
HSC_152,5,MPP,HSC
HSC_153,3,HSC,HSC
HSC_154,5,MPP,HSC
HSC_155,3,HSC,HSC
HSC_156,0,CMP,HSC
HSC_157,3,HSC,HSC
HSC_158,3,HSC,HSC
HSC_159,5,MPP,HSC
HSC_160,3,HSC,HSC
HSC_161,5,MPP,HSC
HSC_162,5,MPP,HSC
HSC_163,5,MPP,HSC
HSC_164,5,MPP,HSC
HSC_165,5,MPP,HSC
HSC_166,3,HSC,HSC
HSC_167,3,HSC,HSC
HSC_168,5,MPP,HSC
HSC_169,3,HSC,HSC
HSC_170,3,HSC,HSC
HSC_171,2,HSC,HSC
HSC_172,3,HSC,HSC
HSC_173,5,MPP,HSC
HSC_174,3,HSC,HSC
HSC_175,6,MPP,HSC
HSC_176,5,MPP,HSC
HSC_177,3,HSC,HSC
HSC_178,3,HSC,HSC
HSC_179,3,HSC,HSC
HSC_180,3,HSC,HSC
HSC_181,3,HSC,HSC
HSC_182,3,HSC,HSC
HSC_183,3,HSC,HSC
HSC_184,6,MPP,HSC
HSC_185,5,MPP,HSC
HSC_186,5,MPP,HSC
HSC_187,5,MPP,HSC
HSC_188,6,MPP,HSC
HSC_189,5,MPP,HSC
HSC_190,6,MPP,HSC
HSC_191,3,HSC,HSC
HSC_193,5,MPP,HSC
HSC_194,3,HSC,HSC
HSC_195,5,MPP,HSC
HSC_197,5,MPP,HSC
HSC_200,3,HSC,HSC
HSC_201,3,HSC,HSC
HSC_202,3,HSC,HSC
HSC_203,3,HSC,HSC
HSC_207,3,HSC,HSC
HSC_208,3,HSC,HSC
HSC_209,5,MPP,HSC
HSC_210,3,HSC,HSC
HSC_214,5,MPP,HSC
HSC_215,5,MPP,HSC
HSC_216,5,MPP,HSC
HSC_217,3,HSC,HSC
HSC_218,5,MPP,HSC
HSC_219,5,MPP,HSC
HSC_220,5,MPP,HSC
HSC_221,3,HSC,HSC
HSC_222,5,MPP,HSC
HSC_223,3,HSC,HSC
HSC_224,5,MPP,HSC
HSC_225,5,MPP,HSC
HSC_226,5,MPP,HSC
HSC_227,5,MPP,HSC
HSC_228,3,HSC,HSC
HSC_230,5,MPP,HSC
HSC_231,5,MPP,HSC
HSC_232,5,MPP,HSC
HSC_233,5,MPP,HSC
HSC_234,3,HSC,HSC
HSC_235,3,HSC,HSC
HSC_236,3,HSC,HSC
HSC_237,3,HSC,HSC
HSC_238,5,MPP,HSC
HSC_239,3,HSC,HSC
HSC_240,5,MPP,HSC
HSC_241,3,HSC,HSC
HSC_242,5,MPP,HSC
HSC_243,5,MPP,HSC
HSC_244,3,HSC,HSC
HSC_245,0,CMP,HSC
HSC_246,3,HSC,HSC
HSC_247,6,MPP,HSC
HSC_248,3,HSC,HSC
HSC_249,3,HSC,HSC
HSC_251,5,MPP,HSC
HSC_252,5,MPP,HSC
HSC_253,0,CMP,HSC
HSC_254,3,HSC,HSC
HSC_255,3,HSC,HSC
HSC_256,3,HSC,HSC
HSC_257,5,MPP,HSC
HSC_258,3,HSC,HSC
HSC_259,3,HSC,HSC
HSC_260,3,HSC,HSC
HSC_261,5,MPP,HSC
HSC_262,3,HSC,HSC
HSC_263,5,MPP,HSC
HSC_264,5,MPP,HSC
HSC_265,5,MPP,HSC
HSC_266,5,MPP,HSC
HSC_267,5,MPP,HSC
HSC_268,3,HSC,HSC
HSC_269,3,HSC,HSC
HSC_270,5,MPP,HSC
HSC_271,3,HSC,HSC
HSC_272,3,HSC,HSC
HSC_273,3,HSC,HSC
HSC_275,3,HSC,HSC
HSC_276,3,HSC,HSC
HSC_277,3,HSC,HSC
HSC_278,3,HSC,HSC
HSC_279,5,MPP,HSC
HSC_280,5,MPP,HSC
HSC_281,6,MPP,HSC
HSC_282,3,HSC,HSC
HSC_283,5,MPP,HSC
HSC_285,3,HSC,HSC
HSC_286,5,MPP,HSC
HSC_288,2,HSC,HSC
HSC_289,2,HSC,HSC
HSC_290,2,HSC,HSC
HSC_291,2,HSC,HSC
HSC_292,2,HSC,HSC
HSC_293,2,HSC,HSC
HSC_294,2,HSC,HSC
HSC_297,2,HSC,HSC
HSC_298,6,MPP,HSC
HSC_299,2,HSC,HSC
HSC_300,2,HSC,HSC
HSC_301,2,HSC,HSC
HSC_302,2,HSC,HSC
HSC_303,2,HSC,HSC
HSC_304,2,HSC,HSC
HSC_305,6,MPP,HSC
HSC_306,3,HSC,HSC
HSC_307,2,HSC,HSC
HSC_308,0,CMP,HSC
HSC_309,2,HSC,HSC
HSC_310,2,HSC,HSC
HSC_311,2,HSC,HSC
HSC_312,2,HSC,HSC
HSC_313,2,HSC,HSC
HSC_315,2,HSC,HSC
HSC_316,0,CMP,HSC
HSC_317,2,HSC,HSC
HSC_318,2,HSC,HSC
HSC_319,2,HSC,HSC
HSC_320,2,HSC,HSC
HSC_321,2,HSC,HSC
HSC_322,2,HSC,HSC
HSC_323,2,HSC,HSC
HSC_324,2,HSC,HSC
HSC_325,2,HSC,HSC
HSC_326,2,HSC,HSC
HSC_327,2,HSC,HSC
HSC_328,0,CMP,HSC
HSC_329,2,HSC,HSC
HSC_330,2,HSC,HSC
HSC_331,2,HSC,HSC
HSC_332,2,HSC,HSC
HSC_333,2,HSC,HSC
HSC_334,2,HSC,HSC
HSC_335,2,HSC,HSC
HSC_336,2,HSC,HSC
HSC_337,2,HSC,HSC
HSC_338,2,HSC,HSC
HSC_339,2,HSC,HSC
HSC_340,2,HSC,HSC
HSC_342,2,HSC,HSC
HSC_343,2,HSC,HSC
HSC_344,2,HSC,HSC
HSC_345,2,HSC,HSC
HSC_346,2,HSC,HSC
HSC_347,2,HSC,HSC
HSC_348,2,HSC,HSC
HSC_350,2,HSC,HSC
HSC_351,2,HSC,HSC
HSC_352,2,HSC,HSC
HSC_353,2,HSC,HSC
HSC_354,2,HSC,HSC
HSC_355,2,HSC,HSC
HSC_357,2,HSC,HSC
HSC_358,2,HSC,HSC
HSC_359,2,HSC,HSC
HSC_360,2,HSC,HSC
HSC_361,2,HSC,HSC
HSC_363,8,LMPP,HSC
HSC_364,2,HSC,HSC
HSC_366,2,HSC,HSC
HSC_367,2,HSC,HSC
HSC_368,2,HSC,HSC
HSC_369,2,HSC,HSC
HSC_370,2,HSC,HSC
HSC_372,2,HSC,HSC
HSC_373,2,HSC,HSC
HSC_374,2,HSC,HSC
HSC_375,2,HSC,HSC
HSC_376,2,HSC,HSC
HSC_377,2,HSC,HSC
HSC_379,2,HSC,HSC
HSC_380,2,HSC,HSC
HSC_381,2,HSC,HSC
HSC_382,2,HSC,HSC
HSC_383,2,HSC,HSC
HSC_385,2,HSC,HSC
HSC_398,2,HSC,HSC
HSC_403,2,HSC,HSC
HSC_408,2,HSC,HSC
HSC_409,2,HSC,HSC
HSC_414,2,HSC,HSC
HSC_415,2,HSC,HSC
HSC_416,2,HSC,HSC
HSC_419,2,HSC,HSC
HSC_420,2,HSC,HSC
HSC_421,2,HSC,HSC
HSC_422,2,HSC,HSC
HSC_426,2,HSC,HSC
HSC_427,2,HSC,HSC
HSC_428,2,HSC,HSC
HSC_430,2,HSC,HSC
HSC_431,2,HSC,HSC
HSC_432,2,HSC,HSC
HSC_433,2,HSC,HSC
HSC_434,2,HSC,HSC
HSC_435,2,HSC,HSC
HSC_436,2,HSC,HSC
HSC_437,2,HSC,HSC
HSC_438,2,HSC,HSC
HSC_439,2,HSC,HSC
HSC_440,2,HSC,HSC
HSC_441,2,HSC,HSC
HSC_442,2,HSC,HSC
HSC_443,2,HSC,HSC
HSC_444,2,HSC,HSC
HSC_445,2,HSC,HSC
HSC_447,2,HSC,HSC
HSC_448,2,HSC,HSC
HSC_449,2,HSC,HSC
HSC_450,6,MPP,HSC
HSC_451,2,HSC,HSC
HSC_452,2,HSC,HSC
HSC_453,2,HSC,HSC
HSC_454,2,HSC,HSC
HSC_455,2,HSC,HSC
HSC_456,0,CMP,HSC
HSC_457,2,HSC,HSC
HSC_458,2,HSC,HSC
HSC_459,2,HSC,HSC
HSC_460,2,HSC,HSC
HSC_464,2,HSC,HSC
HSC_465,2,HSC,HSC
HSC_466,2,HSC,HSC
HSC_467,2,HSC,HSC
HSC_468,2,HSC,HSC
HSC_469,2,HSC,HSC
HSC_470,2,HSC,HSC
HSC_471,2,HSC,HSC
HSC_472,2,HSC,HSC
HSC_473,2,HSC,HSC
HSC_474,2,HSC,HSC
HSC_475,2,HSC,HSC
HSC_476,2,HSC,HSC
HSC_478,2,HSC,HSC
HSC_479,2,HSC,HSC
GMP_0,1,GMP,GMP
GMP_1,1,GMP,GMP
GMP_3,1,GMP,GMP
GMP_4,1,GMP,GMP
GMP_6,1,GMP,GMP
GMP_7,1,GMP,GMP
GMP_8,1,GMP,GMP
GMP_9,1,GMP,GMP
GMP_10,1,GMP,GMP
GMP_11,1,GMP,GMP
GMP_13,1,GMP,GMP
GMP_14,1,GMP,GMP
GMP_15,1,GMP,GMP
GMP_16,1,GMP,GMP
GMP_19,1,GMP,GMP
GMP_20,1,GMP,GMP
GMP_21,1,GMP,GMP
GMP_22,1,GMP,GMP
GMP_23,1,GMP,GMP
GMP_24,9,CLP,GMP
GMP_25,1,GMP,GMP
GMP_26,1,GMP,GMP
GMP_28,1,GMP,GMP
GMP_30,1,GMP,GMP
GMP_31,1,GMP,GMP
GMP_32,1,GMP,GMP
GMP_36,1,GMP,GMP
GMP_37,1,GMP,GMP
GMP_38,1,GMP,GMP
GMP_39,1,GMP,GMP
GMP_40,8,LMPP,GMP
GMP_42,1,GMP,GMP
GMP_43,1,GMP,GMP
GMP_44,1,GMP,GMP
GMP_45,1,GMP,GMP
GMP_46,8,LMPP,GMP
GMP_47,1,GMP,GMP
GMP_48,1,GMP,GMP
GMP_49,1,GMP,GMP
GMP_50,1,GMP,GMP
GMP_51,1,GMP,GMP
GMP_52,1,GMP,GMP
GMP_54,1,GMP,GMP
GMP_55,1,GMP,GMP
GMP_56,1,GMP,GMP
GMP_57,1,GMP,GMP
GMP_58,1,GMP,GMP
GMP_59,1,GMP,GMP
GMP_60,8,LMPP,GMP
GMP_61,1,GMP,GMP
GMP_62,1,GMP,GMP
GMP_66,1,GMP,GMP
GMP_67,1,GMP,GMP
GMP_68,1,GMP,GMP
GMP_69,1,GMP,GMP
GMP_70,1,GMP,GMP
GMP_71,1,GMP,GMP
GMP_72,1,GMP,GMP
GMP_73,1,GMP,GMP
GMP_74,1,GMP,GMP
GMP_75,1,GMP,GMP
GMP_76,1,GMP,GMP
GMP_78,1,GMP,GMP
GMP_79,1,GMP,GMP
GMP_80,1,GMP,GMP
GMP_82,8,LMPP,GMP
GMP_83,1,GMP,GMP
GMP_84,1,GMP,GMP
GMP_85,1,GMP,GMP
GMP_86,1,GMP,GMP
GMP_87,1,GMP,GMP
GMP_88,1,GMP,GMP
GMP_90,1,GMP,GMP
GMP_91,8,LMPP,GMP
GMP_92,1,GMP,GMP
GMP_93,1,GMP,GMP
GMP_94,1,GMP,GMP
GMP_95,1,GMP,GMP
GMP_96,9,CLP,GMP
GMP_97,1,GMP,GMP
GMP_98,1,GMP,GMP
GMP_99,8,LMPP,GMP
GMP_100,1,GMP,GMP
GMP_102,1,GMP,GMP
GMP_103,1,GMP,GMP
GMP_105,3,HSC,GMP
GMP_106,8,LMPP,GMP
GMP_107,1,GMP,GMP
GMP_108,8,LMPP,GMP
GMP_109,1,GMP,GMP
GMP_110,8,LMPP,GMP
GMP_111,8,LMPP,GMP
GMP_112,1,GMP,GMP
GMP_113,1,GMP,GMP
GMP_115,8,LMPP,GMP
GMP_116,1,GMP,GMP
GMP_117,1,GMP,GMP
GMP_118,8,LMPP,GMP
GMP_119,1,GMP,GMP
GMP_120,1,GMP,GMP
GMP_121,8,LMPP,GMP
GMP_122,8,LMPP,GMP
GMP_123,9,CLP,GMP
GMP_124,1,GMP,GMP
GMP_125,1,GMP,GMP
GMP_126,8,LMPP,GMP
GMP_127,6,MPP,GMP
GMP_128,9,CLP,GMP
GMP_130,1,GMP,GMP
GMP_131,1,GMP,GMP
GMP_133,9,CLP,GMP
GMP_134,8,LMPP,GMP
GMP_135,8,LMPP,GMP
GMP_137,8,LMPP,GMP
GMP_138,1,GMP,GMP
GMP_139,1,GMP,GMP
GMP_140,1,GMP,GMP
GMP_141,6,MPP,GMP
GMP_142,1,GMP,GMP
GMP_143,1,GMP,GMP
GMP_144,1,GMP,GMP
GMP_145,1,GMP,GMP
GMP_146,8,LMPP,GMP
GMP_147,8,LMPP,GMP
GMP_149,1,GMP,GMP
GMP_150,1,GMP,GMP
GMP_151,1,GMP,GMP
GMP_153,1,GMP,GMP
GMP_154,1,GMP,GMP
GMP_155,1,GMP,GMP
GMP_156,6,MPP,GMP
GMP_157,8,LMPP,GMP
GMP_158,8,LMPP,GMP
GMP_159,1,GMP,GMP
GMP_161,1,GMP,GMP
GMP_162,8,LMPP,GMP
GMP_163,1,GMP,GMP
GMP_165,1,GMP,GMP
GMP_166,8,LMPP,GMP
GMP_167,1,GMP,GMP
GMP_168,1,GMP,GMP
GMP_169,6,MPP,GMP
GMP_171,1,GMP,GMP
GMP_172,1,GMP,GMP
GMP_173,1,GMP,GMP
GMP_175,8,LMPP,GMP
GMP_176,8,LMPP,GMP
GMP_178,1,GMP,GMP
GMP_180,1,GMP,GMP
GMP_181,1,GMP,GMP
GMP_182,8,LMPP,GMP
GMP_183,1,GMP,GMP
GMP_184,1,GMP,GMP
GMP_187,9,CLP,GMP
GMP_188,1,GMP,GMP
GMP_189,1,GMP,GMP
GMP_190,1,GMP,GMP
GMP_191,9,CLP,GMP
GMP_192,1,GMP,GMP
GMP_193,1,GMP,GMP
GMP_194,1,GMP,GMP
GMP_195,1,GMP,GMP
GMP_196,1,GMP,GMP
GMP_197,1,GMP,GMP
GMP_198,1,GMP,GMP
GMP_199,1,GMP,GMP
GMP_200,1,GMP,GMP
GMP_201,1,GMP,GMP
GMP_202,1,GMP,GMP
GMP_203,1,GMP,GMP
GMP_204,1,GMP,GMP
GMP_205,1,GMP,GMP
GMP_206,1,GMP,GMP
GMP_207,1,GMP,GMP
GMP_208,1,GMP,GMP
GMP_209,1,GMP,GMP
GMP_210,10,MEP,GMP
GMP_211,1,GMP,GMP
GMP_212,1,GMP,GMP
GMP_213,1,GMP,GMP
GMP_214,6,MPP,GMP
GMP_215,1,GMP,GMP
GMP_216,1,GMP,GMP
GMP_217,8,LMPP,GMP
GMP_218,1,GMP,GMP
GMP_219,1,GMP,GMP
GMP_220,1,GMP,GMP
GMP_221,1,GMP,GMP
GMP_222,1,GMP,GMP
GMP_223,1,GMP,GMP
GMP_224,1,GMP,GMP
GMP_225,1,GMP,GMP
GMP_226,1,GMP,GMP
GMP_227,1,GMP,GMP
GMP_228,1,GMP,GMP
GMP_229,1,GMP,GMP
GMP_230,6,MPP,GMP
GMP_231,1,GMP,GMP
GMP_232,1,GMP,GMP
GMP_233,1,GMP,GMP
GMP_234,1,GMP,GMP
GMP_235,1,GMP,GMP
GMP_236,6,MPP,GMP
GMP_237,1,GMP,GMP
GMP_238,1,GMP,GMP
GMP_239,1,GMP,GMP
GMP_240,1,GMP,GMP
GMP_241,1,GMP,GMP
GMP_242,6,MPP,GMP
GMP_243,1,GMP,GMP
GMP_244,1,GMP,GMP
GMP_245,1,GMP,GMP
GMP_246,1,GMP,GMP
GMP_247,1,GMP,GMP
GMP_248,1,GMP,GMP
GMP_249,1,GMP,GMP
GMP_250,1,GMP,GMP
GMP_251,1,GMP,GMP
GMP_252,1,GMP,GMP
GMP_253,1,GMP,GMP
GMP_254,6,MPP,GMP
GMP_255,1,GMP,GMP
GMP_256,1,GMP,GMP
GMP_257,8,LMPP,GMP
GMP_258,1,GMP,GMP
GMP_259,1,GMP,GMP
GMP_260,1,GMP,GMP
GMP_261,1,GMP,GMP
GMP_262,6,MPP,GMP
GMP_263,1,GMP,GMP
GMP_264,1,GMP,GMP
GMP_265,1,GMP,GMP
GMP_266,1,GMP,GMP
GMP_267,1,GMP,GMP
GMP_268,1,GMP,GMP
GMP_269,1,GMP,GMP
GMP_270,1,GMP,GMP
GMP_271,1,GMP,GMP
GMP_272,1,GMP,GMP
GMP_273,1,GMP,GMP
GMP_274,1,GMP,GMP
GMP_275,8,LMPP,GMP
GMP_276,1,GMP,GMP
GMP_277,1,GMP,GMP
GMP_278,1,GMP,GMP
GMP_279,1,GMP,GMP
GMP_280,1,GMP,GMP
GMP_281,1,GMP,GMP
GMP_282,1,GMP,GMP
GMP_283,1,GMP,GMP
GMP_284,1,GMP,GMP
GMP_286,1,GMP,GMP
GMP_287,1,GMP,GMP
MEP_0,10,MEP,MEP
MEP_1,10,MEP,MEP
MEP_2,10,MEP,MEP
MEP_3,10,MEP,MEP
MEP_4,10,MEP,MEP
MEP_5,10,MEP,MEP
MEP_6,10,MEP,MEP
MEP_8,10,MEP,MEP
MEP_9,10,MEP,MEP
MEP_10,10,MEP,MEP
MEP_11,10,MEP,MEP
MEP_12,7,MEP,MEP
MEP_13,10,MEP,MEP
MEP_14,10,MEP,MEP
MEP_15,10,MEP,MEP
MEP_16,10,MEP,MEP
MEP_17,10,MEP,MEP
MEP_18,10,MEP,MEP
MEP_19,7,MEP,MEP
MEP_20,10,MEP,MEP
MEP_21,10,MEP,MEP
MEP_22,7,MEP,MEP
MEP_23,7,MEP,MEP
MEP_25,10,MEP,MEP
MEP_26,10,MEP,MEP
MEP_27,7,MEP,MEP
MEP_28,10,MEP,MEP
MEP_29,7,MEP,MEP
MEP_30,10,MEP,MEP
MEP_31,7,MEP,MEP
MEP_32,0,CMP,MEP
MEP_33,7,MEP,MEP
MEP_34,7,MEP,MEP
MEP_35,10,MEP,MEP
MEP_36,10,MEP,MEP
MEP_37,10,MEP,MEP
MEP_39,4,CMP,MEP
MEP_40,10,MEP,MEP
MEP_41,10,MEP,MEP
MEP_42,10,MEP,MEP
MEP_44,10,MEP,MEP
MEP_45,10,MEP,MEP
MEP_46,10,MEP,MEP
MEP_47,10,MEP,MEP
MEP_48,10,MEP,MEP
MEP_49,10,MEP,MEP
MEP_50,10,MEP,MEP
MEP_51,10,MEP,MEP
MEP_52,10,MEP,MEP
MEP_53,10,MEP,MEP
MEP_54,10,MEP,MEP
MEP_55,10,MEP,MEP
MEP_56,10,MEP,MEP
MEP_57,10,MEP,MEP
MEP_58,7,MEP,MEP
MEP_59,10,MEP,MEP
MEP_79,10,MEP,MEP
MEP_80,10,MEP,MEP
MEP_81,10,MEP,MEP
MEP_82,10,MEP,MEP
MEP_83,10,MEP,MEP
MEP_85,10,MEP,MEP
MEP_86,4,CMP,MEP
MEP_87,10,MEP,MEP
MEP_89,10,MEP,MEP
MEP_90,7,MEP,MEP
MEP_91,7,MEP,MEP
MEP_92,7,MEP,MEP
MEP_93,7,MEP,MEP
MEP_94,7,MEP,MEP
MEP_95,7,MEP,MEP
MEP_96,7,MEP,MEP
MEP_97,7,MEP,MEP
MEP_98,7,MEP,MEP
MEP_99,7,MEP,MEP
MEP_100,7,MEP,MEP
MEP_101,7,MEP,MEP
MEP_102,7,MEP,MEP
MEP_103,7,MEP,MEP
MEP_104,7,MEP,MEP
MEP_105,7,MEP,MEP
MEP_106,7,MEP,MEP
MEP_107,7,MEP,MEP
MEP_108,7,MEP,MEP
MEP_109,7,MEP,MEP
MEP_110,7,MEP,MEP
MEP_111,7,MEP,MEP
MEP_112,7,MEP,MEP
MEP_113,10,MEP,MEP
MEP_114,7,MEP,MEP
MEP_115,7,MEP,MEP
MEP_116,7,MEP,MEP
MEP_117,7,MEP,MEP
MEP_118,7,MEP,MEP
MEP_119,7,MEP,MEP
MEP_120,7,MEP,MEP
MEP_121,7,MEP,MEP
MEP_122,7,MEP,MEP
MEP_123,7,MEP,MEP
MEP_124,7,MEP,MEP
MEP_125,7,MEP,MEP
MEP_126,7,MEP,MEP
MEP_127,7,MEP,MEP
MEP_128,7,MEP,MEP
MEP_129,7,MEP,MEP
MEP_130,7,MEP,MEP
MEP_131,7,MEP,MEP
MEP_132,7,MEP,MEP
MEP_133,7,MEP,MEP
MEP_134,7,MEP,MEP
MEP_135,7,MEP,MEP
MEP_136,7,MEP,MEP
MEP_137,7,MEP,MEP
MEP_138,7,MEP,MEP
MEP_139,7,MEP,MEP
MEP_140,7,MEP,MEP
MEP_141,7,MEP,MEP
MEP_142,7,MEP,MEP
MEP_143,7,MEP,MEP
MEP_144,7,MEP,MEP
MEP_145,7,MEP,MEP
MEP_146,7,MEP,MEP
MEP_147,7,MEP,MEP
MEP_148,7,MEP,MEP
MEP_149,7,MEP,MEP
MEP_151,7,MEP,MEP
MEP_152,7,MEP,MEP
MEP_153,7,MEP,MEP
MEP_154,7,MEP,MEP
MEP_155,7,MEP,MEP
MEP_156,7,MEP,MEP
MEP_157,10,MEP,MEP
MEP_158,7,MEP,MEP
MEP_159,7,MEP,MEP
MEP_160,10,MEP,MEP
MEP_161,7,MEP,MEP
MEP_162,7,MEP,MEP
MEP_163,7,MEP,MEP
MEP_164,10,MEP,MEP
MEP_165,7,MEP,MEP
MEP_166,7,MEP,MEP
MEP_167,7,MEP,MEP
MEP_169,7,MEP,MEP
MEP_170,7,MEP,MEP
MEP_171,7,MEP,MEP
MEP_172,7,MEP,MEP
MEP_173,7,MEP,MEP
MEP_174,7,MEP,MEP
MEP_175,7,MEP,MEP
MEP_176,7,MEP,MEP
MEP_177,7,MEP,MEP
MEP_178,7,MEP,MEP
MEP_179,7,MEP,MEP
MEP_180,7,MEP,MEP
MEP_181,7,MEP,MEP
MEP_182,7,MEP,MEP
MEP_183,7,MEP,MEP
MEP_184,7,MEP,MEP
MEP_185,7,MEP,MEP
MEP_191,10,MEP,MEP
MEP_193,10,MEP,MEP
MEP_195,10,MEP,MEP
MEP_198,10,MEP,MEP
MEP_200,10,MEP,MEP
MEP_205,10,MEP,MEP
MEP_207,10,MEP,MEP
MEP_208,10,MEP,MEP
MEP_209,10,MEP,MEP
MEP_210,10,MEP,MEP
MEP_214,10,MEP,MEP
MEP_215,10,MEP,MEP
MEP_216,10,MEP,MEP
MEP_217,10,MEP,MEP
MEP_220,10,MEP,MEP
MEP_221,10,MEP,MEP
MEP_222,10,MEP,MEP
MEP_224,10,MEP,MEP
MEP_231,10,MEP,MEP
MEP_238,10,MEP,MEP
MEP_246,10,MEP,MEP
MEP_253,10,MEP,MEP
MEP_254,10,MEP,MEP
MEP_256,4,CMP,MEP
MEP_258,10,MEP,MEP
MEP_259,7,MEP,MEP
MEP_261,7,MEP,MEP
MEP_272,10,MEP,MEP
MEP_274,10,MEP,MEP
MEP_276,10,MEP,MEP
MEP_281,10,MEP,MEP
MPP_0,3,HSC,MPP
MPP_1,3,HSC,MPP
MPP_4,3,HSC,MPP
MPP_5,3,HSC,MPP
MPP_6,3,HSC,MPP
MPP_7,3,HSC,MPP
MPP_8,5,MPP,MPP
MPP_9,6,MPP,MPP
MPP_10,4,CMP,MPP
MPP_12,3,HSC,MPP
MPP_13,3,HSC,MPP
MPP_14,3,HSC,MPP
MPP_15,5,MPP,MPP
MPP_16,3,HSC,MPP
MPP_17,5,MPP,MPP
MPP_18,3,HSC,MPP
MPP_19,3,HSC,MPP
MPP_20,2,HSC,MPP
MPP_21,3,HSC,MPP
MPP_23,3,HSC,MPP
MPP_24,5,MPP,MPP
MPP_25,3,HSC,MPP
MPP_26,5,MPP,MPP
MPP_27,3,HSC,MPP
MPP_29,3,HSC,MPP
MPP_30,5,MPP,MPP
MPP_31,5,MPP,MPP
MPP_33,3,HSC,MPP
MPP_34,3,HSC,MPP
MPP_35,3,HSC,MPP
MPP_36,5,MPP,MPP
MPP_37,3,HSC,MPP
MPP_38,0,CMP,MPP
MPP_39,3,HSC,MPP
MPP_40,3,HSC,MPP
MPP_41,3,HSC,MPP
MPP_42,3,HSC,MPP
MPP_44,6,MPP,MPP
MPP_45,3,HSC,MPP
MPP_46,5,MPP,MPP
MPP_47,3,HSC,MPP
MPP_48,5,MPP,MPP
MPP_49,3,HSC,MPP
MPP_50,5,MPP,MPP
MPP_51,5,MPP,MPP
MPP_53,3,HSC,MPP
MPP_54,5,MPP,MPP
MPP_55,5,MPP,MPP
MPP_56,3,HSC,MPP
MPP_57,3,HSC,MPP
MPP_58,5,MPP,MPP
MPP_59,3,HSC,MPP
MPP_60,5,MPP,MPP
MPP_61,3,HSC,MPP
MPP_62,3,HSC,MPP
MPP_63,3,HSC,MPP
MPP_64,3,HSC,MPP
MPP_65,5,MPP,MPP
MPP_66,5,MPP,MPP
MPP_67,5,MPP,MPP
MPP_68,0,CMP,MPP
MPP_69,3,HSC,MPP
MPP_70,3,HSC,MPP
MPP_71,3,HSC,MPP
MPP_72,6,MPP,MPP
MPP_73,3,HSC,MPP
MPP_75,3,HSC,MPP
MPP_77,3,HSC,MPP
MPP_78,3,HSC,MPP
MPP_79,4,CMP,MPP
MPP_80,5,MPP,MPP
MPP_81,3,HSC,MPP
MPP_82,3,HSC,MPP
MPP_83,3,HSC,MPP
MPP_84,5,MPP,MPP
MPP_85,4,CMP,MPP
MPP_86,3,HSC,MPP
MPP_87,5,MPP,MPP
MPP_88,3,HSC,MPP
MPP_89,3,HSC,MPP
MPP_90,0,CMP,MPP
MPP_91,3,HSC,MPP
MPP_92,5,MPP,MPP
MPP_93,6,MPP,MPP
MPP_94,5,MPP,MPP
MPP_95,3,HSC,MPP
MPP_96,2,HSC,MPP
MPP_97,2,HSC,MPP
MPP_98,2,HSC,MPP
MPP_99,2,HSC,MPP
MPP_100,2,HSC,MPP
MPP_101,4,CMP,MPP
MPP_102,0,CMP,MPP
MPP_103,2,HSC,MPP
MPP_104,2,HSC,MPP
MPP_105,0,CMP,MPP
MPP_106,0,CMP,MPP
MPP_107,7,MEP,MPP
MPP_108,0,CMP,MPP
MPP_109,0,CMP,MPP
MPP_111,2,HSC,MPP
MPP_112,0,CMP,MPP
MPP_113,2,HSC,MPP
MPP_114,2,HSC,MPP
MPP_115,7,MEP,MPP
MPP_117,0,CMP,MPP
MPP_118,0,CMP,MPP
MPP_119,2,HSC,MPP
MPP_120,4,CMP,MPP
MPP_121,2,HSC,MPP
MPP_122,2,HSC,MPP
MPP_123,2,HSC,MPP
MPP_124,2,HSC,MPP
MPP_125,0,CMP,MPP
MPP_126,2,HSC,MPP
MPP_127,2,HSC,MPP
MPP_128,0,CMP,MPP
MPP_129,0,CMP,MPP
MPP_130,0,CMP,MPP
MPP_131,7,MEP,MPP
MPP_132,2,HSC,MPP
MPP_133,2,HSC,MPP
MPP_134,0,CMP,MPP
MPP_135,2,HSC,MPP
MPP_136,0,CMP,MPP
MPP_137,2,HSC,MPP
MPP_138,0,CMP,MPP
MPP_139,8,LMPP,MPP
MPP_140,2,HSC,MPP
MPP_141,0,CMP,MPP
MPP_142,0,CMP,MPP
MPP_143,2,HSC,MPP
MPP_144,2,HSC,MPP
MPP_145,2,HSC,MPP
MPP_146,2,HSC,MPP
MPP_147,2,HSC,MPP
MPP_148,2,HSC,MPP
MPP_149,4,CMP,MPP
MPP_150,2,HSC,MPP
MPP_151,7,MEP,MPP
MPP_152,2,HSC,MPP
MPP_153,2,HSC,MPP
MPP_154,2,HSC,MPP
MPP_155,2,HSC,MPP
MPP_156,0,CMP,MPP
MPP_158,2,HSC,MPP
MPP_159,0,CMP,MPP
MPP_160,2,HSC,MPP
MPP_161,2,HSC,MPP
MPP_162,2,HSC,MPP
MPP_163,0,CMP,MPP
MPP_164,0,CMP,MPP
MPP_165,0,CMP,MPP
MPP_166,2,HSC,MPP
MPP_168,2,HSC,MPP
MPP_170,2,HSC,MPP
MPP_171,2,HSC,MPP
MPP_173,7,MEP,MPP
MPP_174,0,CMP,MPP
MPP_175,2,HSC,MPP
MPP_176,0,CMP,MPP
MPP_177,2,HSC,MPP
MPP_178,4,CMP,MPP
MPP_179,7,MEP,MPP
MPP_180,2,HSC,MPP
MPP_181,2,HSC,MPP
MPP_182,7,MEP,MPP
MPP_183,3,HSC,MPP
MPP_184,2,HSC,MPP
MPP_185,2,HSC,MPP
MPP_186,2,HSC,MPP
MPP_187,0,CMP,MPP
MPP_188,2,HSC,MPP
MPP_191,2,HSC,MPP
CLP_2,9,CLP,CLP
CLP_12,9,CLP,CLP
CLP_13,9,CLP,CLP
CLP_20,9,CLP,CLP
CLP_23,9,CLP,CLP
CLP_26,9,CLP,CLP
CLP_29,9,CLP,CLP
CLP_35,9,CLP,CLP
CLP_41,9,CLP,CLP
CLP_43,9,CLP,CLP
CLP_49,9,CLP,CLP
CLP_52,9,CLP,CLP
CLP_57,1,GMP,CLP
CLP_60,9,CLP,CLP
CLP_61,9,CLP,CLP
CLP_65,9,CLP,CLP
CLP_66,9,CLP,CLP
CLP_68,9,CLP,CLP
CLP_69,9,CLP,CLP
CLP_70,9,CLP,CLP
CLP_71,9,CLP,CLP
CLP_73,9,CLP,CLP
CLP_74,9,CLP,CLP
CLP_75,9,CLP,CLP
CLP_77,9,CLP,CLP
CLP_78,9,CLP,CLP
CLP_79,9,CLP,CLP
CLP_82,9,CLP,CLP
CLP_85,9,CLP,CLP
CLP_86,9,CLP,CLP
CLP_87,9,CLP,CLP
CLP_90,9,CLP,CLP
CLP_92,9,CLP,CLP
CLP_93,9,CLP,CLP
CLP_95,9,CLP,CLP
CLP_97,9,CLP,CLP
CLP_98,9,CLP,CLP
CLP_99,9,CLP,CLP
CLP_100,9,CLP,CLP
CLP_101,9,CLP,CLP
CLP_102,9,CLP,CLP
CLP_103,9,CLP,CLP
CLP_104,9,CLP,CLP
CLP_107,9,CLP,CLP
CLP_108,9,CLP,CLP
CLP_109,9,CLP,CLP
CLP_110,9,CLP,CLP
CLP_111,9,CLP,CLP
CLP_112,9,CLP,CLP
CLP_113,9,CLP,CLP
CLP_115,9,CLP,CLP
CLP_116,9,CLP,CLP
CLP_119,9,CLP,CLP
CLP_120,9,CLP,CLP
CLP_122,9,CLP,CLP
CLP_123,9,CLP,CLP
CLP_124,9,CLP,CLP
CLP_125,9,CLP,CLP
CLP_126,9,CLP,CLP
CLP_127,9,CLP,CLP
CLP_128,9,CLP,CLP
CLP_129,9,CLP,CLP
CLP_130,9,CLP,CLP
CLP_132,9,CLP,CLP
CLP_133,9,CLP,CLP
CLP_134,9,CLP,CLP
CLP_135,9,CLP,CLP
CLP_136,9,CLP,CLP
CLP_137,9,CLP,CLP
CLP_140,9,CLP,CLP
CLP_141,9,CLP,CLP
CLP_142,9,CLP,CLP
CLP_143,9,CLP,CLP
CLP_144,9,CLP,CLP
CLP_145,9,CLP,CLP
CLP_146,9,CLP,CLP
CLP_147,9,CLP,CLP
CLP_149,9,CLP,CLP
CLP_150,9,CLP,CLP
CLP_152,9,CLP,CLP
CLP_153,9,CLP,CLP
CLP_154,9,CLP,CLP
CLP_156,9,CLP,CLP
CLP_157,9,CLP,CLP
CLP_158,9,CLP,CLP
CLP_159,9,CLP,CLP
CLP_160,9,CLP,CLP
CLP_162,9,CLP,CLP
CLP_163,9,CLP,CLP
CLP_166,9,CLP,CLP
CLP_168,9,CLP,CLP
CLP_170,9,CLP,CLP
CLP_171,9,CLP,CLP
CLP_172,9,CLP,CLP
CLP_173,9,CLP,CLP
CLP_174,9,CLP,CLP
CLP_175,9,CLP,CLP
CLP_179,9,CLP,CLP
CLP_180,9,CLP,CLP
CLP_181,9,CLP,CLP
CLP_182,9,CLP,CLP
CLP_183,9,CLP,CLP
CLP_185,9,CLP,CLP
CLP_187,9,CLP,CLP
CLP_188,9,CLP,CLP
CLP_189,9,CLP,CLP
CLP_190,9,CLP,CLP
LMPP_0,8,LMPP,LMPP
LMPP_1,1,GMP,LMPP
LMPP_2,8,LMPP,LMPP
LMPP_3,8,LMPP,LMPP
LMPP_4,8,LMPP,LMPP
LMPP_5,8,LMPP,LMPP
LMPP_6,8,LMPP,LMPP
LMPP_7,8,LMPP,LMPP
LMPP_8,1,GMP,LMPP
LMPP_9,8,LMPP,LMPP
LMPP_10,8,LMPP,LMPP
LMPP_11,1,GMP,LMPP
LMPP_12,8,LMPP,LMPP
LMPP_13,8,LMPP,LMPP
LMPP_14,8,LMPP,LMPP
LMPP_15,8,LMPP,LMPP
LMPP_16,8,LMPP,LMPP
LMPP_17,8,LMPP,LMPP
LMPP_18,8,LMPP,LMPP
LMPP_19,8,LMPP,LMPP
LMPP_20,8,LMPP,LMPP
LMPP_21,8,LMPP,LMPP
LMPP_22,8,LMPP,LMPP
LMPP_23,8,LMPP,LMPP
LMPP_24,8,LMPP,LMPP
LMPP_25,8,LMPP,LMPP
LMPP_26,8,LMPP,LMPP
LMPP_27,8,LMPP,LMPP
LMPP_28,8,LMPP,LMPP
LMPP_29,6,MPP,LMPP
LMPP_30,1,GMP,LMPP
LMPP_31,8,LMPP,LMPP
LMPP_32,8,LMPP,LMPP
LMPP_33,8,LMPP,LMPP
LMPP_34,8,LMPP,LMPP
LMPP_35,8,LMPP,LMPP
LMPP_36,8,LMPP,LMPP
LMPP_37,8,LMPP,LMPP
LMPP_38,8,LMPP,LMPP
LMPP_39,8,LMPP,LMPP
LMPP_40,8,LMPP,LMPP
LMPP_41,8,LMPP,LMPP
LMPP_42,8,LMPP,LMPP
LMPP_43,8,LMPP,LMPP
LMPP_44,8,LMPP,LMPP
LMPP_45,8,LMPP,LMPP
LMPP_46,8,LMPP,LMPP
LMPP_47,8,LMPP,LMPP
LMPP_48,8,LMPP,LMPP
LMPP_49,8,LMPP,LMPP
LMPP_50,1,GMP,LMPP
LMPP_51,8,LMPP,LMPP
LMPP_52,9,CLP,LMPP
LMPP_53,8,LMPP,LMPP
LMPP_54,8,LMPP,LMPP
LMPP_55,8,LMPP,LMPP
LMPP_56,8,LMPP,LMPP
LMPP_57,8,LMPP,LMPP
LMPP_58,8,LMPP,LMPP
LMPP_59,8,LMPP,LMPP
LMPP_60,8,LMPP,LMPP
LMPP_61,8,LMPP,LMPP
LMPP_62,8,LMPP,LMPP
LMPP_63,8,LMPP,LMPP
LMPP_64,8,LMPP,LMPP
LMPP_65,8,LMPP,LMPP
LMPP_66,8,LMPP,LMPP
LMPP_68,8,LMPP,LMPP
LMPP_69,8,LMPP,LMPP
LMPP_70,8,LMPP,LMPP
LMPP_71,8,LMPP,LMPP
LMPP_72,8,LMPP,LMPP
LMPP_73,8,LMPP,LMPP
LMPP_74,8,LMPP,LMPP
LMPP_75,8,LMPP,LMPP
LMPP_76,8,LMPP,LMPP
LMPP_77,8,LMPP,LMPP
LMPP_78,8,LMPP,LMPP
LMPP_79,8,LMPP,LMPP
LMPP_80,8,LMPP,LMPP
LMPP_81,8,LMPP,LMPP
LMPP_82,8,LMPP,LMPP
LMPP_83,2,HSC,LMPP
LMPP_84,8,LMPP,LMPP
LMPP_85,2,HSC,LMPP
LMPP_86,8,LMPP,LMPP
LMPP_87,8,LMPP,LMPP
LMPP_88,8,LMPP,LMPP
LMPP_89,8,LMPP,LMPP
LMPP_90,8,LMPP,LMPP
LMPP_91,8,LMPP,LMPP
LMPP_93,8,LMPP,LMPP
LMPP_94,8,LMPP,LMPP
LMPP_95,8,LMPP,LMPP
