,leiden_0.65,scATAcat_annotation,ground_truth_annotation
CLP_1,6,CLP,CLP
CMP_0,1,CMP,CMP
CMP_1,1,CMP,CMP
CMP_2,2,CMP,CMP
CMP_3,4,MEP,CMP
CMP_4,2,CMP,CMP
CMP_5,2,CMP,CMP
CMP_6,2,CMP,CMP
CMP_7,1,CMP,CMP
CMP_8,2,CMP,CMP
CMP_9,2,CMP,CMP
CMP_10,1,CMP,CMP
CMP_11,1,CMP,CMP
CMP_12,2,CMP,CMP
CMP_13,2,CMP,CMP
CMP_14,2,CMP,CMP
CMP_15,1,CMP,CMP
CMP_17,1,CMP,CMP
CMP_18,2,CMP,CMP
CMP_19,2,CMP,CMP
CMP_20,1,CMP,CMP
CMP_21,2,CMP,CMP
CMP_22,2,CMP,CMP
CMP_23,1,CMP,CMP
CMP_24,1,CMP,CMP
CMP_25,3,GMP,CMP
CMP_26,3,GMP,CMP
CMP_27,1,CMP,CMP
CMP_28,2,CMP,CMP
CMP_29,1,CMP,CMP
CMP_30,2,CMP,CMP
CMP_31,2,CMP,CMP
CMP_32,0,HSC,CMP
CMP_33,2,CMP,CMP
CMP_34,2,CMP,CMP
CMP_35,2,CMP,CMP
CMP_36,1,CMP,CMP
CMP_37,2,CMP,CMP
CMP_38,1,CMP,CMP
CMP_39,2,CMP,CMP
CMP_40,1,CMP,CMP
CMP_41,1,CMP,CMP
CMP_42,0,HSC,CMP
CMP_43,1,CMP,CMP
CMP_44,4,MEP,CMP
CMP_45,2,CMP,CMP
CMP_48,2,CMP,CMP
CMP_49,2,CMP,CMP
CMP_50,4,MEP,CMP
CMP_51,2,CMP,CMP
CMP_52,2,CMP,CMP
CMP_53,3,GMP,CMP
CMP_54,4,MEP,CMP
CMP_55,2,CMP,CMP
CMP_56,2,CMP,CMP
CMP_57,1,CMP,CMP
CMP_58,1,CMP,CMP
CMP_59,1,CMP,CMP
CMP_60,2,CMP,CMP
CMP_61,0,HSC,CMP
CMP_62,1,CMP,CMP
CMP_63,1,CMP,CMP
CMP_64,2,CMP,CMP
CMP_65,3,GMP,CMP
CMP_66,0,HSC,CMP
CMP_67,2,CMP,CMP
CMP_68,0,HSC,CMP
CMP_69,1,CMP,CMP
CMP_70,2,CMP,CMP
CMP_71,0,HSC,CMP
CMP_72,1,CMP,CMP
CMP_73,2,CMP,CMP
CMP_74,2,CMP,CMP
CMP_75,2,CMP,CMP
CMP_76,1,CMP,CMP
CMP_77,1,CMP,CMP
CMP_78,0,HSC,CMP
CMP_79,3,GMP,CMP
CMP_80,2,CMP,CMP
CMP_81,2,CMP,CMP
CMP_82,0,HSC,CMP
CMP_83,2,CMP,CMP
CMP_84,1,CMP,CMP
CMP_85,1,CMP,CMP
CMP_86,2,CMP,CMP
CMP_87,2,CMP,CMP
CMP_88,1,CMP,CMP
CMP_89,1,CMP,CMP
CMP_90,2,CMP,CMP
CMP_91,1,CMP,CMP
CMP_92,1,CMP,CMP
CMP_93,1,CMP,CMP
CMP_94,2,CMP,CMP
CMP_95,1,CMP,CMP
CMP_96,1,CMP,CMP
CMP_97,1,CMP,CMP
CMP_98,1,CMP,CMP
CMP_99,1,CMP,CMP
CMP_100,0,HSC,CMP
CMP_101,1,CMP,CMP
CMP_102,4,MEP,CMP
CMP_103,1,CMP,CMP
CMP_104,1,CMP,CMP
CMP_105,2,CMP,CMP
CMP_106,0,HSC,CMP
CMP_107,2,CMP,CMP
CMP_108,2,CMP,CMP
CMP_109,1,CMP,CMP
CMP_110,1,CMP,CMP
CMP_111,1,CMP,CMP
CMP_112,1,CMP,CMP
CMP_113,2,CMP,CMP
CMP_114,1,CMP,CMP
CMP_115,1,CMP,CMP
CMP_116,1,CMP,CMP
CMP_117,2,CMP,CMP
CMP_118,2,CMP,CMP
CMP_119,2,CMP,CMP
CMP_120,2,CMP,CMP
CMP_121,1,CMP,CMP
CMP_122,2,CMP,CMP
CMP_123,1,CMP,CMP
CMP_124,1,CMP,CMP
CMP_125,2,CMP,CMP
CMP_126,2,CMP,CMP
CMP_127,2,CMP,CMP
CMP_128,2,CMP,CMP
CMP_129,1,CMP,CMP
CMP_130,2,CMP,CMP
CMP_131,1,CMP,CMP
CMP_132,1,CMP,CMP
CMP_133,1,CMP,CMP
CMP_134,1,CMP,CMP
CMP_135,4,MEP,CMP
CMP_136,0,HSC,CMP
CMP_137,1,CMP,CMP
CMP_138,2,CMP,CMP
CMP_139,2,CMP,CMP
CMP_140,1,CMP,CMP
CMP_141,1,CMP,CMP
CMP_142,4,MEP,CMP
CMP_143,1,CMP,CMP
CMP_144,2,CMP,CMP
CMP_145,1,CMP,CMP
CMP_146,1,CMP,CMP
CMP_147,2,CMP,CMP
CMP_148,1,CMP,CMP
CMP_149,1,CMP,CMP
CMP_150,2,CMP,CMP
CMP_151,1,CMP,CMP
CMP_152,1,CMP,CMP
CMP_153,2,CMP,CMP
CMP_154,2,CMP,CMP
CMP_155,1,CMP,CMP
CMP_156,0,HSC,CMP
CMP_157,2,CMP,CMP
CMP_158,1,CMP,CMP
CMP_159,3,GMP,CMP
CMP_160,1,CMP,CMP
CMP_161,1,CMP,CMP
CMP_162,1,CMP,CMP
CMP_163,2,CMP,CMP
CMP_164,1,CMP,CMP
CMP_165,2,CMP,CMP
CMP_166,2,CMP,CMP
CMP_167,2,CMP,CMP
CMP_168,1,CMP,CMP
CMP_169,1,CMP,CMP
CMP_170,2,CMP,CMP
CMP_171,3,GMP,CMP
CMP_172,1,CMP,CMP
CMP_173,1,CMP,CMP
CMP_174,2,CMP,CMP
CMP_175,1,CMP,CMP
CMP_176,2,CMP,CMP
CMP_177,1,CMP,CMP
CMP_178,1,CMP,CMP
CMP_179,1,CMP,CMP
CMP_180,1,CMP,CMP
CMP_181,1,CMP,CMP
CMP_182,1,CMP,CMP
CMP_183,1,CMP,CMP
CMP_184,1,CMP,CMP
CMP_185,2,CMP,CMP
CMP_186,1,CMP,CMP
CMP_188,2,CMP,CMP
CMP_189,4,MEP,CMP
CMP_190,2,CMP,CMP
CMP_191,1,CMP,CMP
CMP_192,1,CMP,CMP
CMP_193,1,CMP,CMP
CMP_194,2,CMP,CMP
CMP_196,1,CMP,CMP
CMP_197,1,CMP,CMP
CMP_198,1,CMP,CMP
CMP_199,1,CMP,CMP
CMP_200,1,CMP,CMP
CMP_201,2,CMP,CMP
CMP_202,2,CMP,CMP
CMP_203,3,GMP,CMP
CMP_204,2,CMP,CMP
CMP_205,1,CMP,CMP
CMP_206,2,CMP,CMP
CMP_207,2,CMP,CMP
CMP_208,2,CMP,CMP
CMP_209,2,CMP,CMP
CMP_210,1,CMP,CMP
CMP_211,2,CMP,CMP
CMP_212,1,CMP,CMP
CMP_213,1,CMP,CMP
CMP_215,1,CMP,CMP
CMP_216,2,CMP,CMP
CMP_217,4,MEP,CMP
CMP_218,1,CMP,CMP
CMP_219,1,CMP,CMP
CMP_221,1,CMP,CMP
CMP_222,2,CMP,CMP
CMP_223,2,CMP,CMP
CMP_224,2,CMP,CMP
CMP_225,1,CMP,CMP
CMP_226,1,CMP,CMP
CMP_227,0,HSC,CMP
CMP_228,2,CMP,CMP
CMP_229,1,CMP,CMP
CMP_230,1,CMP,CMP
CMP_231,1,CMP,CMP
CMP_232,1,CMP,CMP
CMP_233,2,CMP,CMP
CMP_234,2,CMP,CMP
CMP_235,2,CMP,CMP
CMP_236,2,CMP,CMP
CMP_237,2,CMP,CMP
CMP_238,2,CMP,CMP
CMP_240,1,CMP,CMP
CMP_241,1,CMP,CMP
CMP_242,1,CMP,CMP
CMP_243,2,CMP,CMP
CMP_244,2,CMP,CMP
CMP_245,2,CMP,CMP
CMP_246,2,CMP,CMP
CMP_247,2,CMP,CMP
CMP_248,1,CMP,CMP
CMP_249,2,CMP,CMP
CMP_250,2,CMP,CMP
CMP_251,2,CMP,CMP
CMP_252,1,CMP,CMP
CMP_253,1,CMP,CMP
CMP_254,1,CMP,CMP
CMP_255,2,CMP,CMP
CMP_256,2,CMP,CMP
CMP_257,2,CMP,CMP
CMP_258,1,CMP,CMP
CMP_259,2,CMP,CMP
CMP_260,0,HSC,CMP
CMP_261,1,CMP,CMP
CMP_262,2,CMP,CMP
CMP_263,1,CMP,CMP
CMP_264,1,CMP,CMP
CMP_265,1,CMP,CMP
CMP_266,2,CMP,CMP
CMP_267,2,CMP,CMP
CMP_268,1,CMP,CMP
CMP_269,2,CMP,CMP
CMP_270,1,CMP,CMP
CMP_271,0,HSC,CMP
CMP_273,2,CMP,CMP
CMP_274,2,CMP,CMP
CMP_275,1,CMP,CMP
CMP_277,1,CMP,CMP
CMP_278,2,CMP,CMP
CMP_279,2,CMP,CMP
CMP_280,2,CMP,CMP
CMP_281,2,CMP,CMP
CMP_282,2,CMP,CMP
CMP_284,1,CMP,CMP
CMP_285,2,CMP,CMP
CMP_286,2,CMP,CMP
CMP_287,1,CMP,CMP
CMP_288,1,CMP,CMP
CMP_289,2,CMP,CMP
CMP_290,1,CMP,CMP
CMP_291,1,CMP,CMP
CMP_292,0,HSC,CMP
CMP_295,1,CMP,CMP
CMP_296,1,CMP,CMP
CMP_297,2,CMP,CMP
CMP_298,0,HSC,CMP
CMP_299,0,HSC,CMP
CMP_300,1,CMP,CMP
CMP_301,2,CMP,CMP
CMP_302,2,CMP,CMP
CMP_303,1,CMP,CMP
CMP_304,1,CMP,CMP
CMP_305,1,CMP,CMP
CMP_306,0,HSC,CMP
CMP_307,1,CMP,CMP
CMP_308,2,CMP,CMP
CMP_309,1,CMP,CMP
CMP_310,1,CMP,CMP
CMP_311,1,CMP,CMP
CMP_312,2,CMP,CMP
CMP_313,1,CMP,CMP
CMP_314,1,CMP,CMP
CMP_315,2,CMP,CMP
CMP_316,1,CMP,CMP
CMP_317,1,CMP,CMP
CMP_318,2,CMP,CMP
CMP_319,1,CMP,CMP
CMP_320,1,CMP,CMP
CMP_321,2,CMP,CMP
CMP_322,2,CMP,CMP
CMP_323,1,CMP,CMP
CMP_324,2,CMP,CMP
CMP_325,1,CMP,CMP
CMP_326,1,CMP,CMP
CMP_327,2,CMP,CMP
CMP_328,1,CMP,CMP
CMP_329,2,CMP,CMP
CMP_330,2,CMP,CMP
CMP_331,1,CMP,CMP
CMP_332,1,CMP,CMP
CMP_333,1,CMP,CMP
CMP_334,1,CMP,CMP
CMP_335,1,CMP,CMP
CMP_336,2,CMP,CMP
CMP_337,0,HSC,CMP
CMP_338,1,CMP,CMP
CMP_339,0,HSC,CMP
CMP_340,2,CMP,CMP
CMP_341,1,CMP,CMP
CMP_342,2,CMP,CMP
CMP_343,1,CMP,CMP
CMP_344,2,CMP,CMP
CMP_345,1,CMP,CMP
CMP_346,1,CMP,CMP
CMP_347,2,CMP,CMP
CMP_348,0,HSC,CMP
CMP_349,1,CMP,CMP
CMP_350,0,HSC,CMP
CMP_351,1,CMP,CMP
CMP_352,1,CMP,CMP
CMP_353,2,CMP,CMP
CMP_354,1,CMP,CMP
CMP_355,2,CMP,CMP
CMP_356,2,CMP,CMP
CMP_357,2,CMP,CMP
CMP_358,2,CMP,CMP
CMP_359,0,HSC,CMP
CMP_360,0,HSC,CMP
CMP_361,2,CMP,CMP
CMP_362,1,CMP,CMP
CMP_363,1,CMP,CMP
CMP_364,1,CMP,CMP
CMP_365,2,CMP,CMP
CMP_366,2,CMP,CMP
CMP_367,2,CMP,CMP
CMP_368,1,CMP,CMP
CMP_369,0,HSC,CMP
CMP_370,2,CMP,CMP
CMP_371,1,CMP,CMP
CMP_372,2,CMP,CMP
CMP_373,1,CMP,CMP
CMP_374,2,CMP,CMP
CMP_375,2,CMP,CMP
CMP_376,2,CMP,CMP
CMP_377,2,CMP,CMP
CMP_378,1,CMP,CMP
CMP_379,1,CMP,CMP
CMP_381,2,CMP,CMP
CMP_382,1,CMP,CMP
CMP_383,2,CMP,CMP
CMP_384,2,CMP,CMP
CMP_386,1,CMP,CMP
CMP_387,2,CMP,CMP
CMP_388,1,CMP,CMP
CMP_389,2,CMP,CMP
CMP_390,2,CMP,CMP
CMP_391,2,CMP,CMP
CMP_392,2,CMP,CMP
CMP_393,1,CMP,CMP
CMP_394,1,CMP,CMP
CMP_395,1,CMP,CMP
CMP_396,2,CMP,CMP
CMP_397,2,CMP,CMP
CMP_398,2,CMP,CMP
CMP_399,2,CMP,CMP
CMP_400,1,CMP,CMP
CMP_401,2,CMP,CMP
CMP_402,1,CMP,CMP
CMP_403,1,CMP,CMP
CMP_404,1,CMP,CMP
CMP_405,2,CMP,CMP
CMP_406,2,CMP,CMP
CMP_407,1,CMP,CMP
CMP_408,2,CMP,CMP
CMP_409,1,CMP,CMP
CMP_410,2,CMP,CMP
CMP_411,1,CMP,CMP
CMP_412,2,CMP,CMP
CMP_413,2,CMP,CMP
CMP_414,1,CMP,CMP
CMP_415,2,CMP,CMP
CMP_416,2,CMP,CMP
CMP_417,2,CMP,CMP
CMP_418,2,CMP,CMP
CMP_419,2,CMP,CMP
CMP_420,0,HSC,CMP
CMP_421,2,CMP,CMP
CMP_422,2,CMP,CMP
CMP_423,2,CMP,CMP
CMP_424,0,HSC,CMP
CMP_425,1,CMP,CMP
CMP_426,2,CMP,CMP
CMP_427,2,CMP,CMP
CMP_428,2,CMP,CMP
CMP_429,2,CMP,CMP
CMP_430,4,MEP,CMP
CMP_431,2,CMP,CMP
CMP_432,1,CMP,CMP
CMP_433,2,CMP,CMP
CMP_434,3,GMP,CMP
CMP_435,2,CMP,CMP
CMP_436,2,CMP,CMP
CMP_437,2,CMP,CMP
CMP_438,4,MEP,CMP
CMP_439,1,CMP,CMP
CMP_440,2,CMP,CMP
CMP_441,2,CMP,CMP
CMP_442,1,CMP,CMP
CMP_443,2,CMP,CMP
CMP_444,2,CMP,CMP
CMP_445,1,CMP,CMP
CMP_446,0,HSC,CMP
CMP_447,1,CMP,CMP
CMP_448,2,CMP,CMP
CMP_449,0,HSC,CMP
CMP_450,2,CMP,CMP
CMP_451,2,CMP,CMP
CMP_452,1,CMP,CMP
CMP_453,2,CMP,CMP
CMP_454,0,HSC,CMP
CMP_455,0,HSC,CMP
CMP_456,1,CMP,CMP
CMP_457,2,CMP,CMP
CMP_458,2,CMP,CMP
CMP_459,2,CMP,CMP
CMP_460,1,CMP,CMP
CMP_461,1,CMP,CMP
CMP_462,2,CMP,CMP
CMP_463,0,HSC,CMP
CMP_464,2,CMP,CMP
CMP_465,1,CMP,CMP
CMP_466,2,CMP,CMP
CMP_467,0,HSC,CMP
CMP_468,1,CMP,CMP
CMP_469,2,CMP,CMP
CMP_470,2,CMP,CMP
CMP_471,2,CMP,CMP
CMP_472,1,CMP,CMP
CMP_473,1,CMP,CMP
CMP_474,1,CMP,CMP
CMP_475,2,CMP,CMP
CMP_476,2,CMP,CMP
CMP_477,1,CMP,CMP
CMP_478,0,HSC,CMP
CMP_479,4,MEP,CMP
CMP_480,1,CMP,CMP
CMP_481,1,CMP,CMP
CMP_482,2,CMP,CMP
CMP_483,2,CMP,CMP
CMP_484,1,CMP,CMP
CMP_485,1,CMP,CMP
CMP_486,1,CMP,CMP
CMP_489,2,CMP,CMP
CMP_491,2,CMP,CMP
CMP_493,2,CMP,CMP
CMP_496,2,CMP,CMP
CMP_497,1,CMP,CMP
CMP_498,4,MEP,CMP
CMP_499,2,CMP,CMP
CMP_501,2,CMP,CMP
CMP_502,1,CMP,CMP
CMP_503,1,CMP,CMP
CMP_505,1,CMP,CMP
CMP_506,1,CMP,CMP
CMP_507,2,CMP,CMP
CMP_508,2,CMP,CMP
CMP_509,1,CMP,CMP
CMP_510,2,CMP,CMP
CMP_511,2,CMP,CMP
CMP_512,0,HSC,CMP
CMP_513,2,CMP,CMP
CMP_514,2,CMP,CMP
CMP_515,2,CMP,CMP
CMP_516,3,GMP,CMP
CMP_517,2,CMP,CMP
CMP_518,2,CMP,CMP
CMP_519,1,CMP,CMP
CMP_520,2,CMP,CMP
CMP_521,1,CMP,CMP
CMP_522,1,CMP,CMP
CMP_523,1,CMP,CMP
CMP_524,1,CMP,CMP
CMP_525,1,CMP,CMP
CMP_526,1,CMP,CMP
CMP_527,2,CMP,CMP
CMP_528,1,CMP,CMP
CMP_529,1,CMP,CMP
CMP_530,1,CMP,CMP
CMP_531,1,CMP,CMP
CMP_532,1,CMP,CMP
CMP_533,1,CMP,CMP
CMP_534,1,CMP,CMP
CMP_535,1,CMP,CMP
CMP_536,2,CMP,CMP
CMP_537,1,CMP,CMP
CMP_538,1,CMP,CMP
CMP_539,1,CMP,CMP
CMP_540,1,CMP,CMP
CMP_541,1,CMP,CMP
CMP_542,1,CMP,CMP
CMP_543,1,CMP,CMP
CMP_544,1,CMP,CMP
CMP_545,1,CMP,CMP
CMP_546,1,CMP,CMP
CMP_547,1,CMP,CMP
CMP_548,1,CMP,CMP
CMP_549,1,CMP,CMP
CMP_550,2,CMP,CMP
CMP_551,1,CMP,CMP
CMP_552,1,CMP,CMP
CMP_553,2,CMP,CMP
CMP_554,2,CMP,CMP
CMP_555,1,CMP,CMP
CMP_556,0,HSC,CMP
CMP_557,1,CMP,CMP
CMP_558,1,CMP,CMP
CMP_559,1,CMP,CMP
CMP_560,1,CMP,CMP
CMP_561,3,GMP,CMP
CMP_562,1,CMP,CMP
CMP_563,2,CMP,CMP
CMP_564,1,CMP,CMP
CMP_565,1,CMP,CMP
CMP_566,1,CMP,CMP
CMP_567,1,CMP,CMP
CMP_568,1,CMP,CMP
CMP_569,2,CMP,CMP
CMP_570,1,CMP,CMP
CMP_571,1,CMP,CMP
CMP_572,1,CMP,CMP
CMP_573,1,CMP,CMP
CMP_574,2,CMP,CMP
CMP_575,1,CMP,CMP
CMP_576,1,CMP,CMP
CMP_577,2,CMP,CMP
CMP_578,0,HSC,CMP
CMP_579,1,CMP,CMP
CMP_580,1,CMP,CMP
CMP_581,0,HSC,CMP
CMP_582,1,CMP,CMP
CMP_583,1,CMP,CMP
CMP_584,1,CMP,CMP
CMP_585,4,MEP,CMP
CMP_586,0,HSC,CMP
CMP_587,0,HSC,CMP
CMP_588,1,CMP,CMP
CMP_589,2,CMP,CMP
CMP_590,1,CMP,CMP
CMP_593,0,HSC,CMP
CMP_594,1,CMP,CMP
CMP_595,1,CMP,CMP
CMP_596,1,CMP,CMP
CMP_597,1,CMP,CMP
CMP_598,1,CMP,CMP
CMP_599,2,CMP,CMP
CMP_600,1,CMP,CMP
CMP_601,0,HSC,CMP
CMP_602,1,CMP,CMP
CMP_603,2,CMP,CMP
CMP_605,1,CMP,CMP
CMP_606,1,CMP,CMP
CMP_607,0,HSC,CMP
CMP_608,0,HSC,CMP
CMP_609,1,CMP,CMP
CMP_610,1,CMP,CMP
CMP_611,0,HSC,CMP
CMP_612,1,CMP,CMP
CMP_613,1,CMP,CMP
CMP_614,1,CMP,CMP
CMP_615,1,CMP,CMP
CMP_616,1,CMP,CMP
CMP_617,1,CMP,CMP
CMP_618,2,CMP,CMP
CMP_619,1,CMP,CMP
CMP_620,2,CMP,CMP
CMP_621,0,HSC,CMP
CMP_622,1,CMP,CMP
CMP_623,0,HSC,CMP
CMP_624,2,CMP,CMP
CMP_625,1,CMP,CMP
CMP_626,1,CMP,CMP
CMP_627,1,CMP,CMP
CMP_628,0,HSC,CMP
CMP_629,4,MEP,CMP
CMP_630,1,CMP,CMP
CMP_631,1,CMP,CMP
CMP_632,1,CMP,CMP
CMP_633,1,CMP,CMP
CMP_634,1,CMP,CMP
CMP_635,0,HSC,CMP
CMP_636,1,CMP,CMP
CMP_637,4,MEP,CMP
CMP_638,2,CMP,CMP
CMP_639,1,CMP,CMP
CMP_640,1,CMP,CMP
CMP_641,1,CMP,CMP
CMP_642,2,CMP,CMP
CMP_643,1,CMP,CMP
CMP_644,2,CMP,CMP
CMP_645,1,CMP,CMP
CMP_646,1,CMP,CMP
CMP_647,0,HSC,CMP
CMP_648,2,CMP,CMP
CMP_649,1,CMP,CMP
CMP_650,1,CMP,CMP
CMP_651,1,CMP,CMP
CMP_652,1,CMP,CMP
CMP_653,1,CMP,CMP
CMP_654,2,CMP,CMP
CMP_655,1,CMP,CMP
CMP_656,1,CMP,CMP
CMP_657,1,CMP,CMP
CMP_658,1,CMP,CMP
CMP_659,5,LMPP,CMP
CMP_660,0,HSC,CMP
CMP_661,1,CMP,CMP
CMP_662,0,HSC,CMP
CMP_663,1,CMP,CMP
CMP_664,2,CMP,CMP
CMP_665,4,MEP,CMP
CMP_666,1,CMP,CMP
CMP_667,3,GMP,CMP
CMP_669,4,MEP,CMP
CMP_670,1,CMP,CMP
CMP_671,2,CMP,CMP
HSC_0,0,HSC,HSC
HSC_1,0,HSC,HSC
HSC_2,0,HSC,HSC
HSC_3,0,HSC,HSC
HSC_4,0,HSC,HSC
HSC_5,0,HSC,HSC
HSC_6,0,HSC,HSC
HSC_7,0,HSC,HSC
HSC_8,0,HSC,HSC
HSC_9,0,HSC,HSC
HSC_10,0,HSC,HSC
HSC_11,2,CMP,HSC
HSC_12,0,HSC,HSC
HSC_13,0,HSC,HSC
HSC_14,0,HSC,HSC
HSC_15,0,HSC,HSC
HSC_16,0,HSC,HSC
HSC_17,2,CMP,HSC
HSC_18,0,HSC,HSC
HSC_19,0,HSC,HSC
HSC_20,0,HSC,HSC
HSC_21,0,HSC,HSC
HSC_22,0,HSC,HSC
HSC_23,0,HSC,HSC
HSC_24,0,HSC,HSC
HSC_25,0,HSC,HSC
HSC_26,0,HSC,HSC
HSC_27,0,HSC,HSC
HSC_28,0,HSC,HSC
HSC_30,0,HSC,HSC
HSC_31,0,HSC,HSC
HSC_32,0,HSC,HSC
HSC_33,0,HSC,HSC
HSC_34,0,HSC,HSC
HSC_35,0,HSC,HSC
HSC_36,0,HSC,HSC
HSC_37,0,HSC,HSC
HSC_38,0,HSC,HSC
HSC_39,0,HSC,HSC
HSC_40,0,HSC,HSC
HSC_41,0,HSC,HSC
HSC_42,0,HSC,HSC
HSC_43,0,HSC,HSC
HSC_44,0,HSC,HSC
HSC_45,0,HSC,HSC
HSC_46,0,HSC,HSC
HSC_47,0,HSC,HSC
HSC_48,0,HSC,HSC
HSC_49,0,HSC,HSC
HSC_50,0,HSC,HSC
HSC_51,0,HSC,HSC
HSC_52,0,HSC,HSC
HSC_53,0,HSC,HSC
HSC_54,0,HSC,HSC
HSC_55,0,HSC,HSC
HSC_56,0,HSC,HSC
HSC_57,0,HSC,HSC
HSC_58,0,HSC,HSC
HSC_59,0,HSC,HSC
HSC_60,2,CMP,HSC
HSC_61,0,HSC,HSC
HSC_62,0,HSC,HSC
HSC_63,0,HSC,HSC
HSC_64,0,HSC,HSC
HSC_65,0,HSC,HSC
HSC_66,0,HSC,HSC
HSC_67,0,HSC,HSC
HSC_68,0,HSC,HSC
HSC_69,1,CMP,HSC
HSC_70,0,HSC,HSC
HSC_71,0,HSC,HSC
HSC_72,0,HSC,HSC
HSC_73,0,HSC,HSC
HSC_74,0,HSC,HSC
HSC_75,0,HSC,HSC
HSC_76,0,HSC,HSC
HSC_77,0,HSC,HSC
HSC_78,0,HSC,HSC
HSC_79,0,HSC,HSC
HSC_80,0,HSC,HSC
HSC_81,0,HSC,HSC
HSC_82,0,HSC,HSC
HSC_83,2,CMP,HSC
HSC_84,0,HSC,HSC
HSC_86,0,HSC,HSC
HSC_87,2,CMP,HSC
HSC_88,0,HSC,HSC
HSC_89,0,HSC,HSC
HSC_90,0,HSC,HSC
HSC_91,0,HSC,HSC
HSC_93,1,CMP,HSC
HSC_94,0,HSC,HSC
HSC_95,0,HSC,HSC
HSC_96,0,HSC,HSC
HSC_97,0,HSC,HSC
HSC_98,0,HSC,HSC
HSC_99,0,HSC,HSC
HSC_100,0,HSC,HSC
HSC_101,2,CMP,HSC
HSC_102,0,HSC,HSC
HSC_103,0,HSC,HSC
HSC_104,0,HSC,HSC
HSC_105,0,HSC,HSC
HSC_106,0,HSC,HSC
HSC_107,0,HSC,HSC
HSC_109,0,HSC,HSC
HSC_113,0,HSC,HSC
HSC_115,0,HSC,HSC
HSC_117,0,HSC,HSC
HSC_118,0,HSC,HSC
HSC_120,0,HSC,HSC
HSC_121,0,HSC,HSC
HSC_122,0,HSC,HSC
HSC_123,0,HSC,HSC
HSC_124,0,HSC,HSC
HSC_125,0,HSC,HSC
HSC_126,2,CMP,HSC
HSC_127,0,HSC,HSC
HSC_128,0,HSC,HSC
HSC_129,0,HSC,HSC
HSC_130,0,HSC,HSC
HSC_131,0,HSC,HSC
HSC_132,0,HSC,HSC
HSC_133,0,HSC,HSC
HSC_134,0,HSC,HSC
HSC_135,0,HSC,HSC
HSC_136,0,HSC,HSC
HSC_137,2,CMP,HSC
HSC_138,0,HSC,HSC
HSC_139,0,HSC,HSC
HSC_140,0,HSC,HSC
HSC_141,0,HSC,HSC
HSC_142,0,HSC,HSC
HSC_144,0,HSC,HSC
HSC_145,2,CMP,HSC
HSC_146,0,HSC,HSC
HSC_147,0,HSC,HSC
HSC_148,0,HSC,HSC
HSC_149,0,HSC,HSC
HSC_150,0,HSC,HSC
HSC_151,0,HSC,HSC
HSC_152,0,HSC,HSC
HSC_153,0,HSC,HSC
HSC_154,0,HSC,HSC
HSC_155,0,HSC,HSC
HSC_156,1,CMP,HSC
HSC_157,0,HSC,HSC
HSC_158,0,HSC,HSC
HSC_159,0,HSC,HSC
HSC_160,0,HSC,HSC
HSC_161,0,HSC,HSC
HSC_162,0,HSC,HSC
HSC_163,0,HSC,HSC
HSC_164,0,HSC,HSC
HSC_165,0,HSC,HSC
HSC_166,0,HSC,HSC
HSC_167,0,HSC,HSC
HSC_168,0,HSC,HSC
HSC_169,0,HSC,HSC
HSC_170,0,HSC,HSC
HSC_171,0,HSC,HSC
HSC_172,0,HSC,HSC
HSC_173,0,HSC,HSC
HSC_174,0,HSC,HSC
HSC_175,1,CMP,HSC
HSC_176,0,HSC,HSC
HSC_177,0,HSC,HSC
HSC_178,0,HSC,HSC
HSC_179,0,HSC,HSC
HSC_180,0,HSC,HSC
HSC_181,0,HSC,HSC
HSC_182,0,HSC,HSC
HSC_183,0,HSC,HSC
HSC_184,1,CMP,HSC
HSC_185,0,HSC,HSC
HSC_186,0,HSC,HSC
HSC_187,0,HSC,HSC
HSC_188,1,CMP,HSC
HSC_189,0,HSC,HSC
HSC_190,2,CMP,HSC
HSC_191,0,HSC,HSC
HSC_193,0,HSC,HSC
HSC_194,0,HSC,HSC
HSC_195,0,HSC,HSC
HSC_197,0,HSC,HSC
HSC_200,0,HSC,HSC
HSC_201,0,HSC,HSC
HSC_202,0,HSC,HSC
HSC_203,0,HSC,HSC
HSC_207,0,HSC,HSC
HSC_208,0,HSC,HSC
HSC_209,0,HSC,HSC
HSC_210,0,HSC,HSC
HSC_214,0,HSC,HSC
HSC_215,0,HSC,HSC
HSC_216,0,HSC,HSC
HSC_217,0,HSC,HSC
HSC_218,0,HSC,HSC
HSC_219,0,HSC,HSC
HSC_220,0,HSC,HSC
HSC_221,0,HSC,HSC
HSC_222,0,HSC,HSC
HSC_223,0,HSC,HSC
HSC_224,0,HSC,HSC
HSC_225,0,HSC,HSC
HSC_226,0,HSC,HSC
HSC_227,0,HSC,HSC
HSC_228,0,HSC,HSC
HSC_230,0,HSC,HSC
HSC_231,0,HSC,HSC
HSC_232,0,HSC,HSC
HSC_233,0,HSC,HSC
HSC_234,0,HSC,HSC
HSC_235,0,HSC,HSC
HSC_236,0,HSC,HSC
HSC_237,0,HSC,HSC
HSC_238,0,HSC,HSC
HSC_239,0,HSC,HSC
HSC_240,0,HSC,HSC
HSC_241,0,HSC,HSC
HSC_242,0,HSC,HSC
HSC_243,0,HSC,HSC
HSC_244,0,HSC,HSC
HSC_245,1,CMP,HSC
HSC_246,0,HSC,HSC
HSC_247,0,HSC,HSC
HSC_248,0,HSC,HSC
HSC_249,0,HSC,HSC
HSC_251,0,HSC,HSC
HSC_252,0,HSC,HSC
HSC_253,1,CMP,HSC
HSC_254,0,HSC,HSC
HSC_255,0,HSC,HSC
HSC_256,0,HSC,HSC
HSC_257,0,HSC,HSC
HSC_258,0,HSC,HSC
HSC_259,0,HSC,HSC
HSC_260,0,HSC,HSC
HSC_261,0,HSC,HSC
HSC_262,0,HSC,HSC
HSC_263,0,HSC,HSC
HSC_264,0,HSC,HSC
HSC_265,0,HSC,HSC
HSC_266,0,HSC,HSC
HSC_267,0,HSC,HSC
HSC_268,0,HSC,HSC
HSC_269,0,HSC,HSC
HSC_270,2,CMP,HSC
HSC_271,1,CMP,HSC
HSC_272,0,HSC,HSC
HSC_273,0,HSC,HSC
HSC_275,0,HSC,HSC
HSC_276,0,HSC,HSC
HSC_277,0,HSC,HSC
HSC_278,0,HSC,HSC
HSC_279,0,HSC,HSC
HSC_280,0,HSC,HSC
HSC_281,2,CMP,HSC
HSC_282,0,HSC,HSC
HSC_283,0,HSC,HSC
HSC_285,0,HSC,HSC
HSC_286,0,HSC,HSC
HSC_288,0,HSC,HSC
HSC_289,0,HSC,HSC
HSC_290,0,HSC,HSC
HSC_291,0,HSC,HSC
HSC_292,0,HSC,HSC
HSC_293,0,HSC,HSC
HSC_294,0,HSC,HSC
HSC_297,0,HSC,HSC
HSC_298,5,LMPP,HSC
HSC_299,0,HSC,HSC
HSC_300,0,HSC,HSC
HSC_301,0,HSC,HSC
HSC_302,0,HSC,HSC
HSC_303,0,HSC,HSC
HSC_304,0,HSC,HSC
HSC_305,0,HSC,HSC
HSC_306,0,HSC,HSC
HSC_307,0,HSC,HSC
HSC_308,1,CMP,HSC
HSC_309,0,HSC,HSC
HSC_310,0,HSC,HSC
HSC_311,0,HSC,HSC
HSC_312,0,HSC,HSC
HSC_313,0,HSC,HSC
HSC_315,0,HSC,HSC
HSC_316,1,CMP,HSC
HSC_317,0,HSC,HSC
HSC_318,0,HSC,HSC
HSC_319,0,HSC,HSC
HSC_320,0,HSC,HSC
HSC_321,0,HSC,HSC
HSC_322,1,CMP,HSC
HSC_323,0,HSC,HSC
HSC_324,0,HSC,HSC
HSC_325,0,HSC,HSC
HSC_326,0,HSC,HSC
HSC_327,0,HSC,HSC
HSC_328,1,CMP,HSC
HSC_329,0,HSC,HSC
HSC_330,0,HSC,HSC
HSC_331,0,HSC,HSC
HSC_332,0,HSC,HSC
HSC_333,0,HSC,HSC
HSC_334,0,HSC,HSC
HSC_335,0,HSC,HSC
HSC_336,0,HSC,HSC
HSC_337,0,HSC,HSC
HSC_338,0,HSC,HSC
HSC_339,0,HSC,HSC
HSC_340,0,HSC,HSC
HSC_342,0,HSC,HSC
HSC_343,0,HSC,HSC
HSC_344,0,HSC,HSC
HSC_345,0,HSC,HSC
HSC_346,0,HSC,HSC
HSC_347,0,HSC,HSC
HSC_348,0,HSC,HSC
HSC_350,0,HSC,HSC
HSC_351,0,HSC,HSC
HSC_352,0,HSC,HSC
HSC_353,0,HSC,HSC
HSC_354,0,HSC,HSC
HSC_355,0,HSC,HSC
HSC_357,0,HSC,HSC
HSC_358,0,HSC,HSC
HSC_359,0,HSC,HSC
HSC_360,0,HSC,HSC
HSC_361,0,HSC,HSC
HSC_363,5,LMPP,HSC
HSC_364,6,CLP,HSC
HSC_366,0,HSC,HSC
HSC_367,0,HSC,HSC
HSC_368,0,HSC,HSC
HSC_369,0,HSC,HSC
HSC_370,0,HSC,HSC
HSC_372,0,HSC,HSC
HSC_373,0,HSC,HSC
HSC_374,0,HSC,HSC
HSC_375,0,HSC,HSC
HSC_376,0,HSC,HSC
HSC_377,0,HSC,HSC
HSC_379,0,HSC,HSC
HSC_380,0,HSC,HSC
HSC_381,0,HSC,HSC
HSC_382,0,HSC,HSC
HSC_383,1,CMP,HSC
HSC_385,0,HSC,HSC
HSC_398,0,HSC,HSC
HSC_403,0,HSC,HSC
HSC_408,0,HSC,HSC
HSC_409,0,HSC,HSC
HSC_414,0,HSC,HSC
HSC_415,0,HSC,HSC
HSC_416,0,HSC,HSC
HSC_419,0,HSC,HSC
HSC_420,0,HSC,HSC
HSC_421,0,HSC,HSC
HSC_422,0,HSC,HSC
HSC_426,0,HSC,HSC
HSC_427,0,HSC,HSC
HSC_428,0,HSC,HSC
HSC_430,0,HSC,HSC
HSC_431,0,HSC,HSC
HSC_432,0,HSC,HSC
HSC_433,0,HSC,HSC
HSC_434,0,HSC,HSC
HSC_435,0,HSC,HSC
HSC_436,0,HSC,HSC
HSC_437,0,HSC,HSC
HSC_438,5,LMPP,HSC
HSC_439,0,HSC,HSC
HSC_440,0,HSC,HSC
HSC_441,0,HSC,HSC
HSC_442,0,HSC,HSC
HSC_443,0,HSC,HSC
HSC_444,0,HSC,HSC
HSC_445,0,HSC,HSC
HSC_447,0,HSC,HSC
HSC_448,0,HSC,HSC
HSC_449,0,HSC,HSC
HSC_450,0,HSC,HSC
HSC_451,0,HSC,HSC
HSC_452,0,HSC,HSC
HSC_453,0,HSC,HSC
HSC_454,0,HSC,HSC
HSC_455,0,HSC,HSC
HSC_456,1,CMP,HSC
HSC_457,0,HSC,HSC
HSC_458,0,HSC,HSC
HSC_459,0,HSC,HSC
HSC_460,0,HSC,HSC
HSC_464,0,HSC,HSC
HSC_465,0,HSC,HSC
HSC_466,0,HSC,HSC
HSC_467,0,HSC,HSC
HSC_468,0,HSC,HSC
HSC_469,0,HSC,HSC
HSC_470,0,HSC,HSC
HSC_471,0,HSC,HSC
HSC_472,0,HSC,HSC
HSC_473,0,HSC,HSC
HSC_474,0,HSC,HSC
HSC_475,0,HSC,HSC
HSC_476,0,HSC,HSC
HSC_478,0,HSC,HSC
HSC_479,5,LMPP,HSC
GMP_0,3,GMP,GMP
GMP_1,3,GMP,GMP
GMP_3,3,GMP,GMP
GMP_4,3,GMP,GMP
GMP_6,3,GMP,GMP
GMP_7,3,GMP,GMP
GMP_8,3,GMP,GMP
GMP_9,3,GMP,GMP
GMP_10,3,GMP,GMP
GMP_11,3,GMP,GMP
GMP_13,5,LMPP,GMP
GMP_14,3,GMP,GMP
GMP_15,3,GMP,GMP
GMP_16,3,GMP,GMP
GMP_19,3,GMP,GMP
GMP_20,3,GMP,GMP
GMP_21,3,GMP,GMP
GMP_22,3,GMP,GMP
GMP_23,3,GMP,GMP
GMP_24,5,LMPP,GMP
GMP_25,3,GMP,GMP
GMP_26,3,GMP,GMP
GMP_28,3,GMP,GMP
GMP_30,3,GMP,GMP
GMP_31,3,GMP,GMP
GMP_32,3,GMP,GMP
GMP_36,3,GMP,GMP
GMP_37,3,GMP,GMP
GMP_38,3,GMP,GMP
GMP_39,3,GMP,GMP
GMP_40,5,LMPP,GMP
GMP_42,3,GMP,GMP
GMP_43,3,GMP,GMP
GMP_44,3,GMP,GMP
GMP_45,3,GMP,GMP
GMP_46,5,LMPP,GMP
GMP_47,3,GMP,GMP
GMP_48,3,GMP,GMP
GMP_49,3,GMP,GMP
GMP_50,3,GMP,GMP
GMP_51,3,GMP,GMP
GMP_52,3,GMP,GMP
GMP_54,3,GMP,GMP
GMP_55,3,GMP,GMP
GMP_56,3,GMP,GMP
GMP_57,3,GMP,GMP
GMP_58,3,GMP,GMP
GMP_59,3,GMP,GMP
GMP_60,5,LMPP,GMP
GMP_61,3,GMP,GMP
GMP_62,3,GMP,GMP
GMP_66,3,GMP,GMP
GMP_67,3,GMP,GMP
GMP_68,3,GMP,GMP
GMP_69,3,GMP,GMP
GMP_70,3,GMP,GMP
GMP_71,3,GMP,GMP
GMP_72,3,GMP,GMP
GMP_73,3,GMP,GMP
GMP_74,3,GMP,GMP
GMP_75,3,GMP,GMP
GMP_76,3,GMP,GMP
GMP_78,3,GMP,GMP
GMP_79,3,GMP,GMP
GMP_80,3,GMP,GMP
GMP_82,5,LMPP,GMP
GMP_83,3,GMP,GMP
GMP_84,3,GMP,GMP
GMP_85,3,GMP,GMP
GMP_86,3,GMP,GMP
GMP_87,3,GMP,GMP
GMP_88,3,GMP,GMP
GMP_90,3,GMP,GMP
GMP_91,3,GMP,GMP
GMP_92,3,GMP,GMP
GMP_93,3,GMP,GMP
GMP_94,3,GMP,GMP
GMP_95,3,GMP,GMP
GMP_96,6,CLP,GMP
GMP_97,3,GMP,GMP
GMP_98,3,GMP,GMP
GMP_99,5,LMPP,GMP
GMP_100,3,GMP,GMP
GMP_102,3,GMP,GMP
GMP_103,3,GMP,GMP
GMP_105,2,CMP,GMP
GMP_106,5,LMPP,GMP
GMP_107,3,GMP,GMP
GMP_108,5,LMPP,GMP
GMP_109,3,GMP,GMP
GMP_110,5,LMPP,GMP
GMP_111,5,LMPP,GMP
GMP_112,3,GMP,GMP
GMP_113,3,GMP,GMP
GMP_115,5,LMPP,GMP
GMP_116,3,GMP,GMP
GMP_117,3,GMP,GMP
GMP_118,5,LMPP,GMP
GMP_119,3,GMP,GMP
GMP_120,3,GMP,GMP
GMP_121,3,GMP,GMP
GMP_122,5,LMPP,GMP
GMP_123,5,LMPP,GMP
GMP_124,3,GMP,GMP
GMP_125,3,GMP,GMP
GMP_126,2,CMP,GMP
GMP_127,2,CMP,GMP
GMP_128,6,CLP,GMP
GMP_130,3,GMP,GMP
GMP_131,3,GMP,GMP
GMP_133,6,CLP,GMP
GMP_134,5,LMPP,GMP
GMP_135,5,LMPP,GMP
GMP_137,5,LMPP,GMP
GMP_138,3,GMP,GMP
GMP_139,3,GMP,GMP
GMP_140,3,GMP,GMP
GMP_141,5,LMPP,GMP
GMP_142,3,GMP,GMP
GMP_143,3,GMP,GMP
GMP_144,3,GMP,GMP
GMP_145,3,GMP,GMP
GMP_146,5,LMPP,GMP
GMP_147,5,LMPP,GMP
GMP_149,3,GMP,GMP
GMP_150,3,GMP,GMP
GMP_151,3,GMP,GMP
GMP_153,3,GMP,GMP
GMP_154,3,GMP,GMP
GMP_155,3,GMP,GMP
GMP_156,2,CMP,GMP
GMP_157,5,LMPP,GMP
GMP_158,5,LMPP,GMP
GMP_159,3,GMP,GMP
GMP_161,3,GMP,GMP
GMP_162,5,LMPP,GMP
GMP_163,3,GMP,GMP
GMP_165,3,GMP,GMP
GMP_166,5,LMPP,GMP
GMP_167,3,GMP,GMP
GMP_168,3,GMP,GMP
GMP_169,3,GMP,GMP
GMP_171,3,GMP,GMP
GMP_172,3,GMP,GMP
GMP_173,3,GMP,GMP
GMP_175,5,LMPP,GMP
GMP_176,3,GMP,GMP
GMP_178,3,GMP,GMP
GMP_180,3,GMP,GMP
GMP_181,3,GMP,GMP
GMP_182,3,GMP,GMP
GMP_183,5,LMPP,GMP
GMP_184,3,GMP,GMP
GMP_187,6,CLP,GMP
GMP_188,3,GMP,GMP
GMP_189,3,GMP,GMP
GMP_190,5,LMPP,GMP
GMP_191,6,CLP,GMP
GMP_192,3,GMP,GMP
GMP_193,3,GMP,GMP
GMP_194,3,GMP,GMP
GMP_195,3,GMP,GMP
GMP_196,3,GMP,GMP
GMP_197,3,GMP,GMP
GMP_198,3,GMP,GMP
GMP_199,3,GMP,GMP
GMP_200,3,GMP,GMP
GMP_201,3,GMP,GMP
GMP_202,3,GMP,GMP
GMP_203,3,GMP,GMP
GMP_204,3,GMP,GMP
GMP_205,3,GMP,GMP
GMP_206,3,GMP,GMP
GMP_207,3,GMP,GMP
GMP_208,3,GMP,GMP
GMP_209,3,GMP,GMP
GMP_210,1,CMP,GMP
GMP_211,3,GMP,GMP
GMP_212,3,GMP,GMP
GMP_213,3,GMP,GMP
GMP_214,5,LMPP,GMP
GMP_215,3,GMP,GMP
GMP_216,3,GMP,GMP
GMP_217,5,LMPP,GMP
GMP_218,3,GMP,GMP
GMP_219,3,GMP,GMP
GMP_220,3,GMP,GMP
GMP_221,3,GMP,GMP
GMP_222,3,GMP,GMP
GMP_223,3,GMP,GMP
GMP_224,3,GMP,GMP
GMP_225,3,GMP,GMP
GMP_226,3,GMP,GMP
GMP_227,3,GMP,GMP
GMP_228,3,GMP,GMP
GMP_229,3,GMP,GMP
GMP_230,2,CMP,GMP
GMP_231,3,GMP,GMP
GMP_232,3,GMP,GMP
GMP_233,3,GMP,GMP
GMP_234,3,GMP,GMP
GMP_235,3,GMP,GMP
GMP_236,2,CMP,GMP
GMP_237,3,GMP,GMP
GMP_238,3,GMP,GMP
GMP_239,3,GMP,GMP
GMP_240,3,GMP,GMP
GMP_241,3,GMP,GMP
GMP_242,2,CMP,GMP
GMP_243,3,GMP,GMP
GMP_244,3,GMP,GMP
GMP_245,3,GMP,GMP
GMP_246,3,GMP,GMP
GMP_247,3,GMP,GMP
GMP_248,3,GMP,GMP
GMP_249,3,GMP,GMP
GMP_250,3,GMP,GMP
GMP_251,3,GMP,GMP
GMP_252,3,GMP,GMP
GMP_253,3,GMP,GMP
GMP_254,5,LMPP,GMP
GMP_255,3,GMP,GMP
GMP_256,3,GMP,GMP
GMP_257,5,LMPP,GMP
GMP_258,3,GMP,GMP
GMP_259,3,GMP,GMP
GMP_260,3,GMP,GMP
GMP_261,3,GMP,GMP
GMP_262,2,CMP,GMP
GMP_263,3,GMP,GMP
GMP_264,3,GMP,GMP
GMP_265,3,GMP,GMP
GMP_266,3,GMP,GMP
GMP_267,3,GMP,GMP
GMP_268,3,GMP,GMP
GMP_269,3,GMP,GMP
GMP_270,3,GMP,GMP
GMP_271,3,GMP,GMP
GMP_272,3,GMP,GMP
GMP_273,3,GMP,GMP
GMP_274,3,GMP,GMP
GMP_275,3,GMP,GMP
GMP_276,3,GMP,GMP
GMP_277,3,GMP,GMP
GMP_278,3,GMP,GMP
GMP_279,3,GMP,GMP
GMP_280,3,GMP,GMP
GMP_281,3,GMP,GMP
GMP_282,3,GMP,GMP
GMP_283,3,GMP,GMP
GMP_284,3,GMP,GMP
GMP_286,3,GMP,GMP
GMP_287,3,GMP,GMP
MEP_0,4,MEP,MEP
MEP_1,4,MEP,MEP
MEP_2,4,MEP,MEP
MEP_3,4,MEP,MEP
MEP_4,4,MEP,MEP
MEP_5,4,MEP,MEP
MEP_6,4,MEP,MEP
MEP_8,4,MEP,MEP
MEP_9,4,MEP,MEP
MEP_10,4,MEP,MEP
MEP_11,4,MEP,MEP
MEP_12,4,MEP,MEP
MEP_13,4,MEP,MEP
MEP_14,4,MEP,MEP
MEP_15,1,CMP,MEP
MEP_16,4,MEP,MEP
MEP_17,4,MEP,MEP
MEP_18,4,MEP,MEP
MEP_19,4,MEP,MEP
MEP_20,4,MEP,MEP
MEP_21,4,MEP,MEP
MEP_22,4,MEP,MEP
MEP_23,4,MEP,MEP
MEP_25,4,MEP,MEP
MEP_26,4,MEP,MEP
MEP_27,4,MEP,MEP
MEP_28,4,MEP,MEP
MEP_29,4,MEP,MEP
MEP_30,4,MEP,MEP
MEP_31,4,MEP,MEP
MEP_32,1,CMP,MEP
MEP_33,4,MEP,MEP
MEP_34,4,MEP,MEP
MEP_35,4,MEP,MEP
MEP_36,4,MEP,MEP
MEP_37,4,MEP,MEP
MEP_39,1,CMP,MEP
MEP_40,4,MEP,MEP
MEP_41,4,MEP,MEP
MEP_42,4,MEP,MEP
MEP_44,4,MEP,MEP
MEP_45,4,MEP,MEP
MEP_46,4,MEP,MEP
MEP_47,4,MEP,MEP
MEP_48,4,MEP,MEP
MEP_49,4,MEP,MEP
MEP_50,4,MEP,MEP
MEP_51,4,MEP,MEP
MEP_52,4,MEP,MEP
MEP_53,4,MEP,MEP
MEP_54,4,MEP,MEP
MEP_55,4,MEP,MEP
MEP_56,4,MEP,MEP
MEP_57,4,MEP,MEP
MEP_58,4,MEP,MEP
MEP_59,4,MEP,MEP
MEP_79,4,MEP,MEP
MEP_80,4,MEP,MEP
MEP_81,4,MEP,MEP
MEP_82,4,MEP,MEP
MEP_83,4,MEP,MEP
MEP_85,4,MEP,MEP
MEP_86,1,CMP,MEP
MEP_87,4,MEP,MEP
MEP_89,4,MEP,MEP
MEP_90,4,MEP,MEP
MEP_91,4,MEP,MEP
MEP_92,4,MEP,MEP
MEP_93,4,MEP,MEP
MEP_94,4,MEP,MEP
MEP_95,4,MEP,MEP
MEP_96,4,MEP,MEP
MEP_97,4,MEP,MEP
MEP_98,4,MEP,MEP
MEP_99,4,MEP,MEP
MEP_100,4,MEP,MEP
MEP_101,4,MEP,MEP
MEP_102,4,MEP,MEP
MEP_103,4,MEP,MEP
MEP_104,4,MEP,MEP
MEP_105,4,MEP,MEP
MEP_106,4,MEP,MEP
MEP_107,4,MEP,MEP
MEP_108,4,MEP,MEP
MEP_109,4,MEP,MEP
MEP_110,4,MEP,MEP
MEP_111,4,MEP,MEP
MEP_112,4,MEP,MEP
MEP_113,4,MEP,MEP
MEP_114,4,MEP,MEP
MEP_115,4,MEP,MEP
MEP_116,4,MEP,MEP
MEP_117,4,MEP,MEP
MEP_118,4,MEP,MEP
MEP_119,4,MEP,MEP
MEP_120,4,MEP,MEP
MEP_121,4,MEP,MEP
MEP_122,4,MEP,MEP
MEP_123,4,MEP,MEP
MEP_124,4,MEP,MEP
MEP_125,4,MEP,MEP
MEP_126,4,MEP,MEP
MEP_127,4,MEP,MEP
MEP_128,4,MEP,MEP
MEP_129,4,MEP,MEP
MEP_130,4,MEP,MEP
MEP_131,4,MEP,MEP
MEP_132,4,MEP,MEP
MEP_133,4,MEP,MEP
MEP_134,4,MEP,MEP
MEP_135,4,MEP,MEP
MEP_136,4,MEP,MEP
MEP_137,4,MEP,MEP
MEP_138,4,MEP,MEP
MEP_139,4,MEP,MEP
MEP_140,4,MEP,MEP
MEP_141,4,MEP,MEP
MEP_142,4,MEP,MEP
MEP_143,4,MEP,MEP
MEP_144,4,MEP,MEP
MEP_145,4,MEP,MEP
MEP_146,4,MEP,MEP
MEP_147,4,MEP,MEP
MEP_148,4,MEP,MEP
MEP_149,4,MEP,MEP
MEP_151,4,MEP,MEP
MEP_152,4,MEP,MEP
MEP_153,4,MEP,MEP
MEP_154,4,MEP,MEP
MEP_155,4,MEP,MEP
MEP_156,4,MEP,MEP
MEP_157,4,MEP,MEP
MEP_158,4,MEP,MEP
MEP_159,4,MEP,MEP
MEP_160,4,MEP,MEP
MEP_161,4,MEP,MEP
MEP_162,4,MEP,MEP
MEP_163,4,MEP,MEP
MEP_164,4,MEP,MEP
MEP_165,4,MEP,MEP
MEP_166,4,MEP,MEP
MEP_167,4,MEP,MEP
MEP_169,4,MEP,MEP
MEP_170,4,MEP,MEP
MEP_171,4,MEP,MEP
MEP_172,4,MEP,MEP
MEP_173,4,MEP,MEP
MEP_174,4,MEP,MEP
MEP_175,4,MEP,MEP
MEP_176,4,MEP,MEP
MEP_177,4,MEP,MEP
MEP_178,4,MEP,MEP
MEP_179,4,MEP,MEP
MEP_180,4,MEP,MEP
MEP_181,4,MEP,MEP
MEP_182,4,MEP,MEP
MEP_183,4,MEP,MEP
MEP_184,4,MEP,MEP
MEP_185,4,MEP,MEP
MEP_191,4,MEP,MEP
MEP_193,4,MEP,MEP
MEP_195,4,MEP,MEP
MEP_198,4,MEP,MEP
MEP_200,4,MEP,MEP
MEP_205,4,MEP,MEP
MEP_207,4,MEP,MEP
MEP_208,4,MEP,MEP
MEP_209,4,MEP,MEP
MEP_210,4,MEP,MEP
MEP_214,4,MEP,MEP
MEP_215,4,MEP,MEP
MEP_216,1,CMP,MEP
MEP_217,4,MEP,MEP
MEP_220,4,MEP,MEP
MEP_221,4,MEP,MEP
MEP_222,4,MEP,MEP
MEP_224,4,MEP,MEP
MEP_231,4,MEP,MEP
MEP_238,4,MEP,MEP
MEP_246,4,MEP,MEP
MEP_253,4,MEP,MEP
MEP_254,4,MEP,MEP
MEP_256,4,MEP,MEP
MEP_258,4,MEP,MEP
MEP_259,4,MEP,MEP
MEP_261,4,MEP,MEP
MEP_272,4,MEP,MEP
MEP_274,4,MEP,MEP
MEP_276,4,MEP,MEP
MEP_281,4,MEP,MEP
MPP_0,0,HSC,MPP
MPP_1,0,HSC,MPP
MPP_4,0,HSC,MPP
MPP_5,0,HSC,MPP
MPP_6,0,HSC,MPP
MPP_7,0,HSC,MPP
MPP_8,0,HSC,MPP
MPP_9,2,CMP,MPP
MPP_10,0,HSC,MPP
MPP_12,0,HSC,MPP
MPP_13,0,HSC,MPP
MPP_14,0,HSC,MPP
MPP_15,0,HSC,MPP
MPP_16,0,HSC,MPP
MPP_17,0,HSC,MPP
MPP_18,0,HSC,MPP
MPP_19,0,HSC,MPP
MPP_20,0,HSC,MPP
MPP_21,0,HSC,MPP
MPP_23,0,HSC,MPP
MPP_24,0,HSC,MPP
MPP_25,0,HSC,MPP
MPP_26,2,CMP,MPP
MPP_27,0,HSC,MPP
MPP_29,0,HSC,MPP
MPP_30,0,HSC,MPP
MPP_31,0,HSC,MPP
MPP_33,0,HSC,MPP
MPP_34,0,HSC,MPP
MPP_35,0,HSC,MPP
MPP_36,0,HSC,MPP
MPP_37,0,HSC,MPP
MPP_38,1,CMP,MPP
MPP_39,0,HSC,MPP
MPP_40,0,HSC,MPP
MPP_41,0,HSC,MPP
MPP_42,0,HSC,MPP
MPP_44,2,CMP,MPP
MPP_45,0,HSC,MPP
MPP_46,0,HSC,MPP
MPP_47,0,HSC,MPP
MPP_48,0,HSC,MPP
MPP_49,0,HSC,MPP
MPP_50,0,HSC,MPP
MPP_51,0,HSC,MPP
MPP_53,0,HSC,MPP
MPP_54,0,HSC,MPP
MPP_55,0,HSC,MPP
MPP_56,0,HSC,MPP
MPP_57,0,HSC,MPP
MPP_58,2,CMP,MPP
MPP_59,0,HSC,MPP
MPP_60,0,HSC,MPP
MPP_61,0,HSC,MPP
MPP_62,0,HSC,MPP
MPP_63,0,HSC,MPP
MPP_64,0,HSC,MPP
MPP_65,0,HSC,MPP
MPP_66,0,HSC,MPP
MPP_67,0,HSC,MPP
MPP_68,2,CMP,MPP
MPP_69,0,HSC,MPP
MPP_70,0,HSC,MPP
MPP_71,0,HSC,MPP
MPP_72,2,CMP,MPP
MPP_73,0,HSC,MPP
MPP_75,0,HSC,MPP
MPP_77,0,HSC,MPP
MPP_78,0,HSC,MPP
MPP_79,1,CMP,MPP
MPP_80,0,HSC,MPP
MPP_81,0,HSC,MPP
MPP_82,0,HSC,MPP
MPP_83,0,HSC,MPP
MPP_84,0,HSC,MPP
MPP_85,1,CMP,MPP
MPP_86,0,HSC,MPP
MPP_87,0,HSC,MPP
MPP_88,0,HSC,MPP
MPP_89,0,HSC,MPP
MPP_90,1,CMP,MPP
MPP_91,0,HSC,MPP
MPP_92,0,HSC,MPP
MPP_93,2,CMP,MPP
MPP_94,2,CMP,MPP
MPP_95,0,HSC,MPP
MPP_96,0,HSC,MPP
MPP_97,0,HSC,MPP
MPP_98,0,HSC,MPP
MPP_99,0,HSC,MPP
MPP_100,0,HSC,MPP
MPP_101,0,HSC,MPP
MPP_102,1,CMP,MPP
MPP_103,0,HSC,MPP
MPP_104,1,CMP,MPP
MPP_105,1,CMP,MPP
MPP_106,1,CMP,MPP
MPP_107,4,MEP,MPP
MPP_108,1,CMP,MPP
MPP_109,1,CMP,MPP
MPP_111,0,HSC,MPP
MPP_112,1,CMP,MPP
MPP_113,0,HSC,MPP
MPP_114,0,HSC,MPP
MPP_115,4,MEP,MPP
MPP_117,1,CMP,MPP
MPP_118,1,CMP,MPP
MPP_119,1,CMP,MPP
MPP_120,1,CMP,MPP
MPP_121,0,HSC,MPP
MPP_122,0,HSC,MPP
MPP_123,0,HSC,MPP
MPP_124,1,CMP,MPP
MPP_125,1,CMP,MPP
MPP_126,0,HSC,MPP
MPP_127,0,HSC,MPP
MPP_128,1,CMP,MPP
MPP_129,1,CMP,MPP
MPP_130,1,CMP,MPP
MPP_131,4,MEP,MPP
MPP_132,0,HSC,MPP
MPP_133,0,HSC,MPP
MPP_134,4,MEP,MPP
MPP_135,0,HSC,MPP
MPP_136,1,CMP,MPP
MPP_137,0,HSC,MPP
MPP_138,1,CMP,MPP
MPP_139,2,CMP,MPP
MPP_140,0,HSC,MPP
MPP_141,1,CMP,MPP
MPP_142,1,CMP,MPP
MPP_143,5,LMPP,MPP
MPP_144,0,HSC,MPP
MPP_145,0,HSC,MPP
MPP_146,0,HSC,MPP
MPP_147,0,HSC,MPP
MPP_148,0,HSC,MPP
MPP_149,1,CMP,MPP
MPP_150,0,HSC,MPP
MPP_151,4,MEP,MPP
MPP_152,0,HSC,MPP
MPP_153,1,CMP,MPP
MPP_154,0,HSC,MPP
MPP_155,0,HSC,MPP
MPP_156,1,CMP,MPP
MPP_158,1,CMP,MPP
MPP_159,1,CMP,MPP
MPP_160,0,HSC,MPP
MPP_161,0,HSC,MPP
MPP_162,0,HSC,MPP
MPP_163,1,CMP,MPP
MPP_164,2,CMP,MPP
MPP_165,1,CMP,MPP
MPP_166,0,HSC,MPP
MPP_168,0,HSC,MPP
MPP_170,0,HSC,MPP
MPP_171,1,CMP,MPP
MPP_173,4,MEP,MPP
MPP_174,1,CMP,MPP
MPP_175,0,HSC,MPP
MPP_176,1,CMP,MPP
MPP_177,1,CMP,MPP
MPP_178,1,CMP,MPP
MPP_179,1,CMP,MPP
MPP_180,0,HSC,MPP
MPP_181,0,HSC,MPP
MPP_182,4,MEP,MPP
MPP_183,1,CMP,MPP
MPP_184,0,HSC,MPP
MPP_185,0,HSC,MPP
MPP_186,0,HSC,MPP
MPP_187,4,MEP,MPP
MPP_188,0,HSC,MPP
MPP_191,0,HSC,MPP
CLP_2,6,CLP,CLP
CLP_12,6,CLP,CLP
CLP_13,6,CLP,CLP
CLP_20,6,CLP,CLP
CLP_23,6,CLP,CLP
CLP_26,6,CLP,CLP
CLP_29,6,CLP,CLP
CLP_35,6,CLP,CLP
CLP_41,6,CLP,CLP
CLP_43,6,CLP,CLP
CLP_49,6,CLP,CLP
CLP_52,6,CLP,CLP
CLP_57,3,GMP,CLP
CLP_60,6,CLP,CLP
CLP_61,6,CLP,CLP
CLP_65,6,CLP,CLP
CLP_66,6,CLP,CLP
CLP_68,6,CLP,CLP
CLP_69,6,CLP,CLP
CLP_70,6,CLP,CLP
CLP_71,6,CLP,CLP
CLP_73,6,CLP,CLP
CLP_74,6,CLP,CLP
CLP_75,6,CLP,CLP
CLP_77,6,CLP,CLP
CLP_78,6,CLP,CLP
CLP_79,6,CLP,CLP
CLP_82,6,CLP,CLP
CLP_85,6,CLP,CLP
CLP_86,6,CLP,CLP
CLP_87,6,CLP,CLP
CLP_90,6,CLP,CLP
CLP_92,6,CLP,CLP
CLP_93,6,CLP,CLP
CLP_95,6,CLP,CLP
CLP_97,6,CLP,CLP
CLP_98,6,CLP,CLP
CLP_99,6,CLP,CLP
CLP_100,6,CLP,CLP
CLP_101,6,CLP,CLP
CLP_102,6,CLP,CLP
CLP_103,6,CLP,CLP
CLP_104,6,CLP,CLP
CLP_107,6,CLP,CLP
CLP_108,6,CLP,CLP
CLP_109,6,CLP,CLP
CLP_110,6,CLP,CLP
CLP_111,6,CLP,CLP
CLP_112,6,CLP,CLP
CLP_113,6,CLP,CLP
CLP_115,6,CLP,CLP
CLP_116,6,CLP,CLP
CLP_119,6,CLP,CLP
CLP_120,6,CLP,CLP
CLP_122,6,CLP,CLP
CLP_123,6,CLP,CLP
CLP_124,6,CLP,CLP
CLP_125,6,CLP,CLP
CLP_126,6,CLP,CLP
CLP_127,5,LMPP,CLP
CLP_128,6,CLP,CLP
CLP_129,6,CLP,CLP
CLP_130,6,CLP,CLP
CLP_132,6,CLP,CLP
CLP_133,6,CLP,CLP
CLP_134,6,CLP,CLP
CLP_135,6,CLP,CLP
CLP_136,6,CLP,CLP
CLP_137,6,CLP,CLP
CLP_140,6,CLP,CLP
CLP_141,5,LMPP,CLP
CLP_142,6,CLP,CLP
CLP_143,6,CLP,CLP
CLP_144,6,CLP,CLP
CLP_145,6,CLP,CLP
CLP_146,6,CLP,CLP
CLP_147,6,CLP,CLP
CLP_149,6,CLP,CLP
CLP_150,6,CLP,CLP
CLP_152,6,CLP,CLP
CLP_153,6,CLP,CLP
CLP_154,6,CLP,CLP
CLP_156,6,CLP,CLP
CLP_157,6,CLP,CLP
CLP_158,6,CLP,CLP
CLP_159,6,CLP,CLP
CLP_160,6,CLP,CLP
CLP_162,6,CLP,CLP
CLP_163,6,CLP,CLP
CLP_166,6,CLP,CLP
CLP_168,6,CLP,CLP
CLP_170,6,CLP,CLP
CLP_171,6,CLP,CLP
CLP_172,6,CLP,CLP
CLP_173,6,CLP,CLP
CLP_174,6,CLP,CLP
CLP_175,6,CLP,CLP
CLP_179,6,CLP,CLP
CLP_180,6,CLP,CLP
CLP_181,6,CLP,CLP
CLP_182,6,CLP,CLP
CLP_183,6,CLP,CLP
CLP_185,6,CLP,CLP
CLP_187,6,CLP,CLP
CLP_188,6,CLP,CLP
CLP_189,1,CMP,CLP
CLP_190,6,CLP,CLP
LMPP_0,5,LMPP,LMPP
LMPP_1,5,LMPP,LMPP
LMPP_2,5,LMPP,LMPP
LMPP_3,5,LMPP,LMPP
LMPP_4,5,LMPP,LMPP
LMPP_5,5,LMPP,LMPP
LMPP_6,5,LMPP,LMPP
LMPP_7,5,LMPP,LMPP
LMPP_8,3,GMP,LMPP
LMPP_9,5,LMPP,LMPP
LMPP_10,5,LMPP,LMPP
LMPP_11,3,GMP,LMPP
LMPP_12,5,LMPP,LMPP
LMPP_13,5,LMPP,LMPP
LMPP_14,5,LMPP,LMPP
LMPP_15,5,LMPP,LMPP
LMPP_16,5,LMPP,LMPP
LMPP_17,5,LMPP,LMPP
LMPP_18,5,LMPP,LMPP
LMPP_19,5,LMPP,LMPP
LMPP_20,5,LMPP,LMPP
LMPP_21,5,LMPP,LMPP
LMPP_22,5,LMPP,LMPP
LMPP_23,5,LMPP,LMPP
LMPP_24,5,LMPP,LMPP
LMPP_25,5,LMPP,LMPP
LMPP_26,5,LMPP,LMPP
LMPP_27,5,LMPP,LMPP
LMPP_28,5,LMPP,LMPP
LMPP_29,2,CMP,LMPP
LMPP_30,3,GMP,LMPP
LMPP_31,5,LMPP,LMPP
LMPP_32,5,LMPP,LMPP
LMPP_33,5,LMPP,LMPP
LMPP_34,5,LMPP,LMPP
LMPP_35,5,LMPP,LMPP
LMPP_36,5,LMPP,LMPP
LMPP_37,5,LMPP,LMPP
LMPP_38,5,LMPP,LMPP
LMPP_39,5,LMPP,LMPP
LMPP_40,5,LMPP,LMPP
LMPP_41,5,LMPP,LMPP
LMPP_42,5,LMPP,LMPP
LMPP_43,5,LMPP,LMPP
LMPP_44,5,LMPP,LMPP
LMPP_45,5,LMPP,LMPP
LMPP_46,5,LMPP,LMPP
LMPP_47,5,LMPP,LMPP
LMPP_48,5,LMPP,LMPP
LMPP_49,5,LMPP,LMPP
LMPP_50,3,GMP,LMPP
LMPP_51,5,LMPP,LMPP
LMPP_52,5,LMPP,LMPP
LMPP_53,3,GMP,LMPP
LMPP_54,5,LMPP,LMPP
LMPP_55,5,LMPP,LMPP
LMPP_56,5,LMPP,LMPP
LMPP_57,5,LMPP,LMPP
LMPP_58,5,LMPP,LMPP
LMPP_59,5,LMPP,LMPP
LMPP_60,5,LMPP,LMPP
LMPP_61,5,LMPP,LMPP
LMPP_62,5,LMPP,LMPP
LMPP_63,5,LMPP,LMPP
LMPP_64,5,LMPP,LMPP
LMPP_65,5,LMPP,LMPP
LMPP_66,5,LMPP,LMPP
LMPP_68,5,LMPP,LMPP
LMPP_69,5,LMPP,LMPP
LMPP_70,5,LMPP,LMPP
LMPP_71,5,LMPP,LMPP
LMPP_72,5,LMPP,LMPP
LMPP_73,5,LMPP,LMPP
LMPP_74,5,LMPP,LMPP
LMPP_75,5,LMPP,LMPP
LMPP_76,5,LMPP,LMPP
LMPP_77,5,LMPP,LMPP
LMPP_78,5,LMPP,LMPP
LMPP_79,5,LMPP,LMPP
LMPP_80,5,LMPP,LMPP
LMPP_81,5,LMPP,LMPP
LMPP_82,5,LMPP,LMPP
LMPP_83,0,HSC,LMPP
LMPP_84,5,LMPP,LMPP
LMPP_85,5,LMPP,LMPP
LMPP_86,5,LMPP,LMPP
LMPP_87,5,LMPP,LMPP
LMPP_88,5,LMPP,LMPP
LMPP_89,5,LMPP,LMPP
LMPP_90,5,LMPP,LMPP
LMPP_91,5,LMPP,LMPP
LMPP_93,5,LMPP,LMPP
LMPP_94,5,LMPP,LMPP
LMPP_95,5,LMPP,LMPP
