,leiden_0.5,scATAcat_annotation,ground_truth_annotation
CLP_1,6,CLP,CLP
CMP_0,5,CMP,CMP
CMP_1,5,CMP,CMP
CMP_2,0,CMP,CMP
CMP_3,3,MEP,CMP
CMP_4,2,GMP,CMP
CMP_5,0,CMP,CMP
CMP_6,0,CMP,CMP
CMP_7,5,CMP,CMP
CMP_8,0,CMP,CMP
CMP_9,0,CMP,CMP
CMP_10,5,CMP,CMP
CMP_11,5,CMP,CMP
CMP_12,0,CMP,CMP
CMP_13,0,CMP,CMP
CMP_14,0,CMP,CMP
CMP_15,5,CMP,CMP
CMP_17,5,CMP,CMP
CMP_18,0,CMP,CMP
CMP_19,2,GMP,CMP
CMP_20,5,CMP,CMP
CMP_21,0,CMP,CMP
CMP_22,0,CMP,CMP
CMP_23,5,CMP,CMP
CMP_24,5,CMP,CMP
CMP_25,2,GMP,CMP
CMP_26,2,GMP,CMP
CMP_27,5,CMP,CMP
CMP_28,0,CMP,CMP
CMP_29,5,CMP,CMP
CMP_30,0,CMP,CMP
CMP_31,2,GMP,CMP
CMP_32,1,HSC,CMP
CMP_33,5,CMP,CMP
CMP_34,0,CMP,CMP
CMP_35,0,CMP,CMP
CMP_36,5,CMP,CMP
CMP_37,0,CMP,CMP
CMP_38,5,CMP,CMP
CMP_39,0,CMP,CMP
CMP_40,5,CMP,CMP
CMP_41,0,CMP,CMP
CMP_42,0,CMP,CMP
CMP_43,5,CMP,CMP
CMP_44,3,MEP,CMP
CMP_45,0,CMP,CMP
CMP_48,2,GMP,CMP
CMP_49,5,CMP,CMP
CMP_50,3,MEP,CMP
CMP_51,0,CMP,CMP
CMP_52,2,GMP,CMP
CMP_53,2,GMP,CMP
CMP_54,3,MEP,CMP
CMP_55,0,CMP,CMP
CMP_56,0,CMP,CMP
CMP_57,0,CMP,CMP
CMP_58,5,CMP,CMP
CMP_59,0,CMP,CMP
CMP_60,0,CMP,CMP
CMP_61,1,HSC,CMP
CMP_62,0,CMP,CMP
CMP_63,0,CMP,CMP
CMP_64,0,CMP,CMP
CMP_65,2,GMP,CMP
CMP_66,1,HSC,CMP
CMP_67,0,CMP,CMP
CMP_68,5,CMP,CMP
CMP_69,5,CMP,CMP
CMP_70,0,CMP,CMP
CMP_71,0,CMP,CMP
CMP_72,0,CMP,CMP
CMP_73,0,CMP,CMP
CMP_74,5,CMP,CMP
CMP_75,0,CMP,CMP
CMP_76,0,CMP,CMP
CMP_77,5,CMP,CMP
CMP_78,1,HSC,CMP
CMP_79,2,GMP,CMP
CMP_80,0,CMP,CMP
CMP_81,0,CMP,CMP
CMP_82,1,HSC,CMP
CMP_83,2,GMP,CMP
CMP_84,5,CMP,CMP
CMP_85,5,CMP,CMP
CMP_86,0,CMP,CMP
CMP_87,0,CMP,CMP
CMP_88,5,CMP,CMP
CMP_89,0,CMP,CMP
CMP_90,0,CMP,CMP
CMP_91,3,MEP,CMP
CMP_92,0,CMP,CMP
CMP_93,0,CMP,CMP
CMP_94,1,HSC,CMP
CMP_95,0,CMP,CMP
CMP_96,5,CMP,CMP
CMP_97,5,CMP,CMP
CMP_98,0,CMP,CMP
CMP_99,0,CMP,CMP
CMP_100,0,CMP,CMP
CMP_101,5,CMP,CMP
CMP_102,3,MEP,CMP
CMP_103,5,CMP,CMP
CMP_104,0,CMP,CMP
CMP_105,0,CMP,CMP
CMP_106,1,HSC,CMP
CMP_107,0,CMP,CMP
CMP_108,0,CMP,CMP
CMP_109,5,CMP,CMP
CMP_110,5,CMP,CMP
CMP_111,0,CMP,CMP
CMP_112,0,CMP,CMP
CMP_113,0,CMP,CMP
CMP_114,5,CMP,CMP
CMP_115,5,CMP,CMP
CMP_116,0,CMP,CMP
CMP_117,5,CMP,CMP
CMP_118,0,CMP,CMP
CMP_119,0,CMP,CMP
CMP_120,0,CMP,CMP
CMP_121,5,CMP,CMP
CMP_122,0,CMP,CMP
CMP_123,0,CMP,CMP
CMP_124,5,CMP,CMP
CMP_125,0,CMP,CMP
CMP_126,0,CMP,CMP
CMP_127,0,CMP,CMP
CMP_128,0,CMP,CMP
CMP_129,3,MEP,CMP
CMP_130,0,CMP,CMP
CMP_131,0,CMP,CMP
CMP_132,5,CMP,CMP
CMP_133,0,CMP,CMP
CMP_134,5,CMP,CMP
CMP_135,3,MEP,CMP
CMP_136,1,HSC,CMP
CMP_137,5,CMP,CMP
CMP_138,0,CMP,CMP
CMP_139,0,CMP,CMP
CMP_140,5,CMP,CMP
CMP_141,5,CMP,CMP
CMP_142,3,MEP,CMP
CMP_143,0,CMP,CMP
CMP_144,0,CMP,CMP
CMP_145,0,CMP,CMP
CMP_146,5,CMP,CMP
CMP_147,0,CMP,CMP
CMP_148,0,CMP,CMP
CMP_149,3,MEP,CMP
CMP_150,0,CMP,CMP
CMP_151,5,CMP,CMP
CMP_152,0,CMP,CMP
CMP_153,0,CMP,CMP
CMP_154,0,CMP,CMP
CMP_155,5,CMP,CMP
CMP_156,0,CMP,CMP
CMP_157,0,CMP,CMP
CMP_158,0,CMP,CMP
CMP_159,2,GMP,CMP
CMP_160,5,CMP,CMP
CMP_161,0,CMP,CMP
CMP_162,0,CMP,CMP
CMP_163,0,CMP,CMP
CMP_164,0,CMP,CMP
CMP_165,0,CMP,CMP
CMP_166,0,CMP,CMP
CMP_167,0,CMP,CMP
CMP_168,0,CMP,CMP
CMP_169,0,CMP,CMP
CMP_170,0,CMP,CMP
CMP_171,2,GMP,CMP
CMP_172,2,GMP,CMP
CMP_173,5,CMP,CMP
CMP_174,0,CMP,CMP
CMP_175,0,CMP,CMP
CMP_176,0,CMP,CMP
CMP_177,0,CMP,CMP
CMP_178,5,CMP,CMP
CMP_179,0,CMP,CMP
CMP_180,5,CMP,CMP
CMP_181,5,CMP,CMP
CMP_182,0,CMP,CMP
CMP_183,5,CMP,CMP
CMP_184,0,CMP,CMP
CMP_185,0,CMP,CMP
CMP_186,5,CMP,CMP
CMP_188,0,CMP,CMP
CMP_189,3,MEP,CMP
CMP_190,0,CMP,CMP
CMP_191,0,CMP,CMP
CMP_192,5,CMP,CMP
CMP_193,5,CMP,CMP
CMP_194,0,CMP,CMP
CMP_196,5,CMP,CMP
CMP_197,5,CMP,CMP
CMP_198,5,CMP,CMP
CMP_199,0,CMP,CMP
CMP_200,5,CMP,CMP
CMP_201,2,GMP,CMP
CMP_202,0,CMP,CMP
CMP_203,2,GMP,CMP
CMP_204,0,CMP,CMP
CMP_205,0,CMP,CMP
CMP_206,0,CMP,CMP
CMP_207,0,CMP,CMP
CMP_208,0,CMP,CMP
CMP_209,0,CMP,CMP
CMP_210,0,CMP,CMP
CMP_211,0,CMP,CMP
CMP_212,5,CMP,CMP
CMP_213,0,CMP,CMP
CMP_215,5,CMP,CMP
CMP_216,0,CMP,CMP
CMP_217,3,MEP,CMP
CMP_218,0,CMP,CMP
CMP_219,0,CMP,CMP
CMP_221,0,CMP,CMP
CMP_222,0,CMP,CMP
CMP_223,0,CMP,CMP
CMP_224,0,CMP,CMP
CMP_225,0,CMP,CMP
CMP_226,5,CMP,CMP
CMP_227,1,HSC,CMP
CMP_228,0,CMP,CMP
CMP_229,5,CMP,CMP
CMP_230,0,CMP,CMP
CMP_231,0,CMP,CMP
CMP_232,0,CMP,CMP
CMP_233,0,CMP,CMP
CMP_234,0,CMP,CMP
CMP_235,0,CMP,CMP
CMP_236,0,CMP,CMP
CMP_237,0,CMP,CMP
CMP_238,0,CMP,CMP
CMP_240,5,CMP,CMP
CMP_241,5,CMP,CMP
CMP_242,5,CMP,CMP
CMP_243,0,CMP,CMP
CMP_244,1,HSC,CMP
CMP_245,0,CMP,CMP
CMP_246,0,CMP,CMP
CMP_247,0,CMP,CMP
CMP_248,0,CMP,CMP
CMP_249,0,CMP,CMP
CMP_250,0,CMP,CMP
CMP_251,0,CMP,CMP
CMP_252,5,CMP,CMP
CMP_253,3,MEP,CMP
CMP_254,0,CMP,CMP
CMP_255,0,CMP,CMP
CMP_256,0,CMP,CMP
CMP_257,0,CMP,CMP
CMP_258,0,CMP,CMP
CMP_259,0,CMP,CMP
CMP_260,1,HSC,CMP
CMP_261,0,CMP,CMP
CMP_262,0,CMP,CMP
CMP_263,0,CMP,CMP
CMP_264,0,CMP,CMP
CMP_265,5,CMP,CMP
CMP_266,0,CMP,CMP
CMP_267,0,CMP,CMP
CMP_268,5,CMP,CMP
CMP_269,0,CMP,CMP
CMP_270,0,CMP,CMP
CMP_271,1,HSC,CMP
CMP_273,0,CMP,CMP
CMP_274,0,CMP,CMP
CMP_275,5,CMP,CMP
CMP_277,0,CMP,CMP
CMP_278,0,CMP,CMP
CMP_279,0,CMP,CMP
CMP_280,0,CMP,CMP
CMP_281,0,CMP,CMP
CMP_282,0,CMP,CMP
CMP_284,0,CMP,CMP
CMP_285,0,CMP,CMP
CMP_286,0,CMP,CMP
CMP_287,0,CMP,CMP
CMP_288,0,CMP,CMP
CMP_289,0,CMP,CMP
CMP_290,5,CMP,CMP
CMP_291,5,CMP,CMP
CMP_292,0,CMP,CMP
CMP_295,3,MEP,CMP
CMP_296,0,CMP,CMP
CMP_297,0,CMP,CMP
CMP_298,1,HSC,CMP
CMP_299,5,CMP,CMP
CMP_300,5,CMP,CMP
CMP_301,0,CMP,CMP
CMP_302,0,CMP,CMP
CMP_303,5,CMP,CMP
CMP_304,0,CMP,CMP
CMP_305,5,CMP,CMP
CMP_306,1,HSC,CMP
CMP_307,5,CMP,CMP
CMP_308,0,CMP,CMP
CMP_309,5,CMP,CMP
CMP_310,0,CMP,CMP
CMP_311,0,CMP,CMP
CMP_312,0,CMP,CMP
CMP_313,5,CMP,CMP
CMP_314,0,CMP,CMP
CMP_315,0,CMP,CMP
CMP_316,3,MEP,CMP
CMP_317,0,CMP,CMP
CMP_318,0,CMP,CMP
CMP_319,0,CMP,CMP
CMP_320,3,MEP,CMP
CMP_321,0,CMP,CMP
CMP_322,0,CMP,CMP
CMP_323,5,CMP,CMP
CMP_324,5,CMP,CMP
CMP_325,5,CMP,CMP
CMP_326,0,CMP,CMP
CMP_327,0,CMP,CMP
CMP_328,5,CMP,CMP
CMP_329,0,CMP,CMP
CMP_330,0,CMP,CMP
CMP_331,0,CMP,CMP
CMP_332,0,CMP,CMP
CMP_333,5,CMP,CMP
CMP_334,5,CMP,CMP
CMP_335,0,CMP,CMP
CMP_336,0,CMP,CMP
CMP_337,1,HSC,CMP
CMP_338,5,CMP,CMP
CMP_339,1,HSC,CMP
CMP_340,0,CMP,CMP
CMP_341,0,CMP,CMP
CMP_342,0,CMP,CMP
CMP_343,0,CMP,CMP
CMP_344,0,CMP,CMP
CMP_345,0,CMP,CMP
CMP_346,0,CMP,CMP
CMP_347,0,CMP,CMP
CMP_348,5,CMP,CMP
CMP_349,5,CMP,CMP
CMP_350,1,HSC,CMP
CMP_351,5,CMP,CMP
CMP_352,5,CMP,CMP
CMP_353,0,CMP,CMP
CMP_354,5,CMP,CMP
CMP_355,0,CMP,CMP
CMP_356,0,CMP,CMP
CMP_357,0,CMP,CMP
CMP_358,0,CMP,CMP
CMP_359,5,CMP,CMP
CMP_360,1,HSC,CMP
CMP_361,0,CMP,CMP
CMP_362,5,CMP,CMP
CMP_363,5,CMP,CMP
CMP_364,5,CMP,CMP
CMP_365,0,CMP,CMP
CMP_366,5,CMP,CMP
CMP_367,0,CMP,CMP
CMP_368,5,CMP,CMP
CMP_369,1,HSC,CMP
CMP_370,0,CMP,CMP
CMP_371,3,MEP,CMP
CMP_372,0,CMP,CMP
CMP_373,0,CMP,CMP
CMP_374,0,CMP,CMP
CMP_375,0,CMP,CMP
CMP_376,0,CMP,CMP
CMP_377,0,CMP,CMP
CMP_378,0,CMP,CMP
CMP_379,5,CMP,CMP
CMP_381,0,CMP,CMP
CMP_382,5,CMP,CMP
CMP_383,0,CMP,CMP
CMP_384,0,CMP,CMP
CMP_386,3,MEP,CMP
CMP_387,2,GMP,CMP
CMP_388,5,CMP,CMP
CMP_389,0,CMP,CMP
CMP_390,2,GMP,CMP
CMP_391,2,GMP,CMP
CMP_392,0,CMP,CMP
CMP_393,5,CMP,CMP
CMP_394,5,CMP,CMP
CMP_395,3,MEP,CMP
CMP_396,0,CMP,CMP
CMP_397,2,GMP,CMP
CMP_398,0,CMP,CMP
CMP_399,0,CMP,CMP
CMP_400,5,CMP,CMP
CMP_401,0,CMP,CMP
CMP_402,0,CMP,CMP
CMP_403,5,CMP,CMP
CMP_404,5,CMP,CMP
CMP_405,0,CMP,CMP
CMP_406,0,CMP,CMP
CMP_407,5,CMP,CMP
CMP_408,0,CMP,CMP
CMP_409,3,MEP,CMP
CMP_410,1,HSC,CMP
CMP_411,0,CMP,CMP
CMP_412,0,CMP,CMP
CMP_413,0,CMP,CMP
CMP_414,5,CMP,CMP
CMP_415,0,CMP,CMP
CMP_416,1,HSC,CMP
CMP_417,0,CMP,CMP
CMP_418,0,CMP,CMP
CMP_419,0,CMP,CMP
CMP_420,1,HSC,CMP
CMP_421,0,CMP,CMP
CMP_422,0,CMP,CMP
CMP_423,0,CMP,CMP
CMP_424,1,HSC,CMP
CMP_425,5,CMP,CMP
CMP_426,0,CMP,CMP
CMP_427,0,CMP,CMP
CMP_428,0,CMP,CMP
CMP_429,0,CMP,CMP
CMP_430,3,MEP,CMP
CMP_431,0,CMP,CMP
CMP_432,5,CMP,CMP
CMP_433,0,CMP,CMP
CMP_434,2,GMP,CMP
CMP_435,0,CMP,CMP
CMP_436,0,CMP,CMP
CMP_437,0,CMP,CMP
CMP_438,3,MEP,CMP
CMP_439,5,CMP,CMP
CMP_440,0,CMP,CMP
CMP_441,0,CMP,CMP
CMP_442,5,CMP,CMP
CMP_443,0,CMP,CMP
CMP_444,0,CMP,CMP
CMP_445,3,MEP,CMP
CMP_446,1,HSC,CMP
CMP_447,5,CMP,CMP
CMP_448,0,CMP,CMP
CMP_449,1,HSC,CMP
CMP_450,0,CMP,CMP
CMP_451,0,CMP,CMP
CMP_452,5,CMP,CMP
CMP_453,1,HSC,CMP
CMP_454,1,HSC,CMP
CMP_455,5,CMP,CMP
CMP_456,0,CMP,CMP
CMP_457,1,HSC,CMP
CMP_458,0,CMP,CMP
CMP_459,1,HSC,CMP
CMP_460,5,CMP,CMP
CMP_461,5,CMP,CMP
CMP_462,0,CMP,CMP
CMP_463,1,HSC,CMP
CMP_464,0,CMP,CMP
CMP_465,5,CMP,CMP
CMP_466,0,CMP,CMP
CMP_467,1,HSC,CMP
CMP_468,3,MEP,CMP
CMP_469,0,CMP,CMP
CMP_470,1,HSC,CMP
CMP_471,0,CMP,CMP
CMP_472,5,CMP,CMP
CMP_473,5,CMP,CMP
CMP_474,5,CMP,CMP
CMP_475,0,CMP,CMP
CMP_476,0,CMP,CMP
CMP_477,0,CMP,CMP
CMP_478,1,HSC,CMP
CMP_479,5,CMP,CMP
CMP_480,5,CMP,CMP
CMP_481,5,CMP,CMP
CMP_482,0,CMP,CMP
CMP_483,2,GMP,CMP
CMP_484,0,CMP,CMP
CMP_485,5,CMP,CMP
CMP_486,5,CMP,CMP
CMP_489,1,HSC,CMP
CMP_491,0,CMP,CMP
CMP_493,0,CMP,CMP
CMP_496,0,CMP,CMP
CMP_497,0,CMP,CMP
CMP_498,5,CMP,CMP
CMP_499,0,CMP,CMP
CMP_501,0,CMP,CMP
CMP_502,0,CMP,CMP
CMP_503,5,CMP,CMP
CMP_505,5,CMP,CMP
CMP_506,0,CMP,CMP
CMP_507,0,CMP,CMP
CMP_508,0,CMP,CMP
CMP_509,5,CMP,CMP
CMP_510,0,CMP,CMP
CMP_511,0,CMP,CMP
CMP_512,1,HSC,CMP
CMP_513,0,CMP,CMP
CMP_514,0,CMP,CMP
CMP_515,0,CMP,CMP
CMP_516,2,GMP,CMP
CMP_517,0,CMP,CMP
CMP_518,0,CMP,CMP
CMP_519,5,CMP,CMP
CMP_520,0,CMP,CMP
CMP_521,0,CMP,CMP
CMP_522,0,CMP,CMP
CMP_523,5,CMP,CMP
CMP_524,0,CMP,CMP
CMP_525,0,CMP,CMP
CMP_526,0,CMP,CMP
CMP_527,0,CMP,CMP
CMP_528,5,CMP,CMP
CMP_529,0,CMP,CMP
CMP_530,5,CMP,CMP
CMP_531,5,CMP,CMP
CMP_532,0,CMP,CMP
CMP_533,5,CMP,CMP
CMP_534,5,CMP,CMP
CMP_535,0,CMP,CMP
CMP_536,0,CMP,CMP
CMP_537,0,CMP,CMP
CMP_538,0,CMP,CMP
CMP_539,5,CMP,CMP
CMP_540,5,CMP,CMP
CMP_541,0,CMP,CMP
CMP_542,0,CMP,CMP
CMP_543,0,CMP,CMP
CMP_544,0,CMP,CMP
CMP_545,5,CMP,CMP
CMP_546,0,CMP,CMP
CMP_547,0,CMP,CMP
CMP_548,0,CMP,CMP
CMP_549,0,CMP,CMP
CMP_550,1,HSC,CMP
CMP_551,5,CMP,CMP
CMP_552,0,CMP,CMP
CMP_553,0,CMP,CMP
CMP_554,0,CMP,CMP
CMP_555,0,CMP,CMP
CMP_556,1,HSC,CMP
CMP_557,0,CMP,CMP
CMP_558,3,MEP,CMP
CMP_559,0,CMP,CMP
CMP_560,1,HSC,CMP
CMP_561,2,GMP,CMP
CMP_562,5,CMP,CMP
CMP_563,0,CMP,CMP
CMP_564,0,CMP,CMP
CMP_565,0,CMP,CMP
CMP_566,0,CMP,CMP
CMP_567,0,CMP,CMP
CMP_568,0,CMP,CMP
CMP_569,0,CMP,CMP
CMP_570,0,CMP,CMP
CMP_571,0,CMP,CMP
CMP_572,5,CMP,CMP
CMP_573,0,CMP,CMP
CMP_574,0,CMP,CMP
CMP_575,0,CMP,CMP
CMP_576,0,CMP,CMP
CMP_577,0,CMP,CMP
CMP_578,4,HSC,CMP
CMP_579,5,CMP,CMP
CMP_580,0,CMP,CMP
CMP_581,4,HSC,CMP
CMP_582,0,CMP,CMP
CMP_583,0,CMP,CMP
CMP_584,0,CMP,CMP
CMP_585,3,MEP,CMP
CMP_586,4,HSC,CMP
CMP_587,4,HSC,CMP
CMP_588,0,CMP,CMP
CMP_589,0,CMP,CMP
CMP_590,0,CMP,CMP
CMP_593,4,HSC,CMP
CMP_594,0,CMP,CMP
CMP_595,0,CMP,CMP
CMP_596,3,MEP,CMP
CMP_597,0,CMP,CMP
CMP_598,0,CMP,CMP
CMP_599,1,HSC,CMP
CMP_600,3,MEP,CMP
CMP_601,4,HSC,CMP
CMP_602,0,CMP,CMP
CMP_603,0,CMP,CMP
CMP_605,3,MEP,CMP
CMP_606,5,CMP,CMP
CMP_607,4,HSC,CMP
CMP_608,0,CMP,CMP
CMP_609,0,CMP,CMP
CMP_610,0,CMP,CMP
CMP_611,0,CMP,CMP
CMP_612,5,CMP,CMP
CMP_613,0,CMP,CMP
CMP_614,0,CMP,CMP
CMP_615,0,CMP,CMP
CMP_616,5,CMP,CMP
CMP_617,0,CMP,CMP
CMP_618,0,CMP,CMP
CMP_619,0,CMP,CMP
CMP_620,2,GMP,CMP
CMP_621,4,HSC,CMP
CMP_622,0,CMP,CMP
CMP_623,5,CMP,CMP
CMP_624,0,CMP,CMP
CMP_625,0,CMP,CMP
CMP_626,0,CMP,CMP
CMP_627,5,CMP,CMP
CMP_628,4,HSC,CMP
CMP_629,3,MEP,CMP
CMP_630,0,CMP,CMP
CMP_631,5,CMP,CMP
CMP_632,0,CMP,CMP
CMP_633,5,CMP,CMP
CMP_634,5,CMP,CMP
CMP_635,0,CMP,CMP
CMP_636,5,CMP,CMP
CMP_637,3,MEP,CMP
CMP_638,0,CMP,CMP
CMP_639,0,CMP,CMP
CMP_640,0,CMP,CMP
CMP_641,0,CMP,CMP
CMP_642,0,CMP,CMP
CMP_643,0,CMP,CMP
CMP_644,0,CMP,CMP
CMP_645,0,CMP,CMP
CMP_646,0,CMP,CMP
CMP_647,4,HSC,CMP
CMP_648,0,CMP,CMP
CMP_649,5,CMP,CMP
CMP_650,0,CMP,CMP
CMP_651,5,CMP,CMP
CMP_652,5,CMP,CMP
CMP_653,3,MEP,CMP
CMP_654,0,CMP,CMP
CMP_655,5,CMP,CMP
CMP_656,5,CMP,CMP
CMP_657,0,CMP,CMP
CMP_658,0,CMP,CMP
CMP_659,1,HSC,CMP
CMP_660,4,HSC,CMP
CMP_661,5,CMP,CMP
CMP_662,4,HSC,CMP
CMP_663,0,CMP,CMP
CMP_664,0,CMP,CMP
CMP_665,3,MEP,CMP
CMP_666,4,HSC,CMP
CMP_667,2,GMP,CMP
CMP_669,3,MEP,CMP
CMP_670,0,CMP,CMP
CMP_671,0,CMP,CMP
HSC_0,1,HSC,HSC
HSC_1,1,HSC,HSC
HSC_2,1,HSC,HSC
HSC_3,1,HSC,HSC
HSC_4,1,HSC,HSC
HSC_5,1,HSC,HSC
HSC_6,1,HSC,HSC
HSC_7,1,HSC,HSC
HSC_8,1,HSC,HSC
HSC_9,1,HSC,HSC
HSC_10,1,HSC,HSC
HSC_11,1,HSC,HSC
HSC_12,1,HSC,HSC
HSC_13,1,HSC,HSC
HSC_14,1,HSC,HSC
HSC_15,1,HSC,HSC
HSC_16,1,HSC,HSC
HSC_17,0,CMP,HSC
HSC_18,1,HSC,HSC
HSC_19,1,HSC,HSC
HSC_20,1,HSC,HSC
HSC_21,1,HSC,HSC
HSC_22,1,HSC,HSC
HSC_23,1,HSC,HSC
HSC_24,1,HSC,HSC
HSC_25,1,HSC,HSC
HSC_26,1,HSC,HSC
HSC_27,1,HSC,HSC
HSC_28,1,HSC,HSC
HSC_30,1,HSC,HSC
HSC_31,1,HSC,HSC
HSC_32,1,HSC,HSC
HSC_33,1,HSC,HSC
HSC_34,1,HSC,HSC
HSC_35,1,HSC,HSC
HSC_36,1,HSC,HSC
HSC_37,1,HSC,HSC
HSC_38,1,HSC,HSC
HSC_39,1,HSC,HSC
HSC_40,1,HSC,HSC
HSC_41,1,HSC,HSC
HSC_42,1,HSC,HSC
HSC_43,1,HSC,HSC
HSC_44,4,HSC,HSC
HSC_45,1,HSC,HSC
HSC_46,1,HSC,HSC
HSC_47,1,HSC,HSC
HSC_48,1,HSC,HSC
HSC_49,1,HSC,HSC
HSC_50,1,HSC,HSC
HSC_51,1,HSC,HSC
HSC_52,1,HSC,HSC
HSC_53,1,HSC,HSC
HSC_54,1,HSC,HSC
HSC_55,1,HSC,HSC
HSC_56,1,HSC,HSC
HSC_57,1,HSC,HSC
HSC_58,1,HSC,HSC
HSC_59,1,HSC,HSC
HSC_60,0,CMP,HSC
HSC_61,1,HSC,HSC
HSC_62,1,HSC,HSC
HSC_63,1,HSC,HSC
HSC_64,1,HSC,HSC
HSC_65,1,HSC,HSC
HSC_66,1,HSC,HSC
HSC_67,1,HSC,HSC
HSC_68,1,HSC,HSC
HSC_69,0,CMP,HSC
HSC_70,1,HSC,HSC
HSC_71,1,HSC,HSC
HSC_72,1,HSC,HSC
HSC_73,1,HSC,HSC
HSC_74,1,HSC,HSC
HSC_75,0,CMP,HSC
HSC_76,1,HSC,HSC
HSC_77,1,HSC,HSC
HSC_78,1,HSC,HSC
HSC_79,1,HSC,HSC
HSC_80,1,HSC,HSC
HSC_81,1,HSC,HSC
HSC_82,1,HSC,HSC
HSC_83,1,HSC,HSC
HSC_84,1,HSC,HSC
HSC_86,1,HSC,HSC
HSC_87,0,CMP,HSC
HSC_88,1,HSC,HSC
HSC_89,1,HSC,HSC
HSC_90,1,HSC,HSC
HSC_91,1,HSC,HSC
HSC_93,0,CMP,HSC
HSC_94,1,HSC,HSC
HSC_95,0,CMP,HSC
HSC_96,1,HSC,HSC
HSC_97,1,HSC,HSC
HSC_98,1,HSC,HSC
HSC_99,1,HSC,HSC
HSC_100,1,HSC,HSC
HSC_101,1,HSC,HSC
HSC_102,1,HSC,HSC
HSC_103,1,HSC,HSC
HSC_104,1,HSC,HSC
HSC_105,1,HSC,HSC
HSC_106,1,HSC,HSC
HSC_107,1,HSC,HSC
HSC_109,4,HSC,HSC
HSC_113,1,HSC,HSC
HSC_115,1,HSC,HSC
HSC_117,1,HSC,HSC
HSC_118,1,HSC,HSC
HSC_120,1,HSC,HSC
HSC_121,1,HSC,HSC
HSC_122,1,HSC,HSC
HSC_123,1,HSC,HSC
HSC_124,1,HSC,HSC
HSC_125,1,HSC,HSC
HSC_126,0,CMP,HSC
HSC_127,1,HSC,HSC
HSC_128,1,HSC,HSC
HSC_129,1,HSC,HSC
HSC_130,1,HSC,HSC
HSC_131,1,HSC,HSC
HSC_132,1,HSC,HSC
HSC_133,1,HSC,HSC
HSC_134,1,HSC,HSC
HSC_135,1,HSC,HSC
HSC_136,1,HSC,HSC
HSC_137,1,HSC,HSC
HSC_138,1,HSC,HSC
HSC_139,1,HSC,HSC
HSC_140,1,HSC,HSC
HSC_141,1,HSC,HSC
HSC_142,4,HSC,HSC
HSC_144,1,HSC,HSC
HSC_145,0,CMP,HSC
HSC_146,4,HSC,HSC
HSC_147,1,HSC,HSC
HSC_148,1,HSC,HSC
HSC_149,1,HSC,HSC
HSC_150,1,HSC,HSC
HSC_151,1,HSC,HSC
HSC_152,1,HSC,HSC
HSC_153,1,HSC,HSC
HSC_154,1,HSC,HSC
HSC_155,1,HSC,HSC
HSC_156,0,CMP,HSC
HSC_157,1,HSC,HSC
HSC_158,1,HSC,HSC
HSC_159,4,HSC,HSC
HSC_160,4,HSC,HSC
HSC_161,1,HSC,HSC
HSC_162,1,HSC,HSC
HSC_163,1,HSC,HSC
HSC_164,1,HSC,HSC
HSC_165,1,HSC,HSC
HSC_166,1,HSC,HSC
HSC_167,1,HSC,HSC
HSC_168,1,HSC,HSC
HSC_169,1,HSC,HSC
HSC_170,1,HSC,HSC
HSC_171,1,HSC,HSC
HSC_172,1,HSC,HSC
HSC_173,1,HSC,HSC
HSC_174,1,HSC,HSC
HSC_175,0,CMP,HSC
HSC_176,1,HSC,HSC
HSC_177,1,HSC,HSC
HSC_178,1,HSC,HSC
HSC_179,1,HSC,HSC
HSC_180,1,HSC,HSC
HSC_181,1,HSC,HSC
HSC_182,1,HSC,HSC
HSC_183,1,HSC,HSC
HSC_184,0,CMP,HSC
HSC_185,1,HSC,HSC
HSC_186,1,HSC,HSC
HSC_187,1,HSC,HSC
HSC_188,0,CMP,HSC
HSC_189,1,HSC,HSC
HSC_190,0,CMP,HSC
HSC_191,1,HSC,HSC
HSC_193,1,HSC,HSC
HSC_194,1,HSC,HSC
HSC_195,1,HSC,HSC
HSC_197,1,HSC,HSC
HSC_200,1,HSC,HSC
HSC_201,1,HSC,HSC
HSC_202,1,HSC,HSC
HSC_203,1,HSC,HSC
HSC_207,1,HSC,HSC
HSC_208,1,HSC,HSC
HSC_209,1,HSC,HSC
HSC_210,1,HSC,HSC
HSC_214,1,HSC,HSC
HSC_215,1,HSC,HSC
HSC_216,1,HSC,HSC
HSC_217,1,HSC,HSC
HSC_218,1,HSC,HSC
HSC_219,1,HSC,HSC
HSC_220,1,HSC,HSC
HSC_221,1,HSC,HSC
HSC_222,1,HSC,HSC
HSC_223,1,HSC,HSC
HSC_224,1,HSC,HSC
HSC_225,1,HSC,HSC
HSC_226,1,HSC,HSC
HSC_227,1,HSC,HSC
HSC_228,1,HSC,HSC
HSC_230,1,HSC,HSC
HSC_231,1,HSC,HSC
HSC_232,1,HSC,HSC
HSC_233,4,HSC,HSC
HSC_234,1,HSC,HSC
HSC_235,1,HSC,HSC
HSC_236,1,HSC,HSC
HSC_237,1,HSC,HSC
HSC_238,1,HSC,HSC
HSC_239,1,HSC,HSC
HSC_240,1,HSC,HSC
HSC_241,1,HSC,HSC
HSC_242,1,HSC,HSC
HSC_243,1,HSC,HSC
HSC_244,1,HSC,HSC
HSC_245,0,CMP,HSC
HSC_246,1,HSC,HSC
HSC_247,1,HSC,HSC
HSC_248,1,HSC,HSC
HSC_249,1,HSC,HSC
HSC_251,1,HSC,HSC
HSC_252,1,HSC,HSC
HSC_253,0,CMP,HSC
HSC_254,1,HSC,HSC
HSC_255,1,HSC,HSC
HSC_256,1,HSC,HSC
HSC_257,1,HSC,HSC
HSC_258,1,HSC,HSC
HSC_259,1,HSC,HSC
HSC_260,1,HSC,HSC
HSC_261,1,HSC,HSC
HSC_262,1,HSC,HSC
HSC_263,1,HSC,HSC
HSC_264,1,HSC,HSC
HSC_265,1,HSC,HSC
HSC_266,1,HSC,HSC
HSC_267,1,HSC,HSC
HSC_268,1,HSC,HSC
HSC_269,1,HSC,HSC
HSC_270,1,HSC,HSC
HSC_271,1,HSC,HSC
HSC_272,1,HSC,HSC
HSC_273,1,HSC,HSC
HSC_275,1,HSC,HSC
HSC_276,1,HSC,HSC
HSC_277,1,HSC,HSC
HSC_278,1,HSC,HSC
HSC_279,1,HSC,HSC
HSC_280,1,HSC,HSC
HSC_281,0,CMP,HSC
HSC_282,1,HSC,HSC
HSC_283,1,HSC,HSC
HSC_285,1,HSC,HSC
HSC_286,1,HSC,HSC
HSC_288,4,HSC,HSC
HSC_289,4,HSC,HSC
HSC_290,4,HSC,HSC
HSC_291,4,HSC,HSC
HSC_292,4,HSC,HSC
HSC_293,4,HSC,HSC
HSC_294,4,HSC,HSC
HSC_297,4,HSC,HSC
HSC_298,4,HSC,HSC
HSC_299,1,HSC,HSC
HSC_300,4,HSC,HSC
HSC_301,4,HSC,HSC
HSC_302,4,HSC,HSC
HSC_303,4,HSC,HSC
HSC_304,4,HSC,HSC
HSC_305,4,HSC,HSC
HSC_306,1,HSC,HSC
HSC_307,4,HSC,HSC
HSC_308,0,CMP,HSC
HSC_309,4,HSC,HSC
HSC_310,4,HSC,HSC
HSC_311,1,HSC,HSC
HSC_312,4,HSC,HSC
HSC_313,4,HSC,HSC
HSC_315,4,HSC,HSC
HSC_316,0,CMP,HSC
HSC_317,4,HSC,HSC
HSC_318,4,HSC,HSC
HSC_319,4,HSC,HSC
HSC_320,4,HSC,HSC
HSC_321,4,HSC,HSC
HSC_322,0,CMP,HSC
HSC_323,4,HSC,HSC
HSC_324,4,HSC,HSC
HSC_325,4,HSC,HSC
HSC_326,4,HSC,HSC
HSC_327,4,HSC,HSC
HSC_328,0,CMP,HSC
HSC_329,4,HSC,HSC
HSC_330,4,HSC,HSC
HSC_331,4,HSC,HSC
HSC_332,4,HSC,HSC
HSC_333,4,HSC,HSC
HSC_334,4,HSC,HSC
HSC_335,4,HSC,HSC
HSC_336,4,HSC,HSC
HSC_337,4,HSC,HSC
HSC_338,4,HSC,HSC
HSC_339,4,HSC,HSC
HSC_340,4,HSC,HSC
HSC_342,4,HSC,HSC
HSC_343,4,HSC,HSC
HSC_344,4,HSC,HSC
HSC_345,4,HSC,HSC
HSC_346,4,HSC,HSC
HSC_347,4,HSC,HSC
HSC_348,4,HSC,HSC
HSC_350,4,HSC,HSC
HSC_351,4,HSC,HSC
HSC_352,4,HSC,HSC
HSC_353,4,HSC,HSC
HSC_354,4,HSC,HSC
HSC_355,4,HSC,HSC
HSC_357,4,HSC,HSC
HSC_358,4,HSC,HSC
HSC_359,4,HSC,HSC
HSC_360,4,HSC,HSC
HSC_361,4,HSC,HSC
HSC_363,4,HSC,HSC
HSC_364,4,HSC,HSC
HSC_366,4,HSC,HSC
HSC_367,4,HSC,HSC
HSC_368,4,HSC,HSC
HSC_369,4,HSC,HSC
HSC_370,4,HSC,HSC
HSC_372,4,HSC,HSC
HSC_373,4,HSC,HSC
HSC_374,4,HSC,HSC
HSC_375,4,HSC,HSC
HSC_376,4,HSC,HSC
HSC_377,4,HSC,HSC
HSC_379,4,HSC,HSC
HSC_380,4,HSC,HSC
HSC_381,4,HSC,HSC
HSC_382,4,HSC,HSC
HSC_383,4,HSC,HSC
HSC_385,4,HSC,HSC
HSC_398,4,HSC,HSC
HSC_403,4,HSC,HSC
HSC_408,4,HSC,HSC
HSC_409,4,HSC,HSC
HSC_414,4,HSC,HSC
HSC_415,4,HSC,HSC
HSC_416,4,HSC,HSC
HSC_419,4,HSC,HSC
HSC_420,4,HSC,HSC
HSC_421,4,HSC,HSC
HSC_422,4,HSC,HSC
HSC_426,4,HSC,HSC
HSC_427,4,HSC,HSC
HSC_428,4,HSC,HSC
HSC_430,4,HSC,HSC
HSC_431,4,HSC,HSC
HSC_432,4,HSC,HSC
HSC_433,4,HSC,HSC
HSC_434,4,HSC,HSC
HSC_435,4,HSC,HSC
HSC_436,4,HSC,HSC
HSC_437,4,HSC,HSC
HSC_438,4,HSC,HSC
HSC_439,4,HSC,HSC
HSC_440,4,HSC,HSC
HSC_441,4,HSC,HSC
HSC_442,4,HSC,HSC
HSC_443,4,HSC,HSC
HSC_444,4,HSC,HSC
HSC_445,4,HSC,HSC
HSC_447,4,HSC,HSC
HSC_448,4,HSC,HSC
HSC_449,4,HSC,HSC
HSC_450,0,CMP,HSC
HSC_451,4,HSC,HSC
HSC_452,4,HSC,HSC
HSC_453,4,HSC,HSC
HSC_454,4,HSC,HSC
HSC_455,4,HSC,HSC
HSC_456,0,CMP,HSC
HSC_457,4,HSC,HSC
HSC_458,4,HSC,HSC
HSC_459,4,HSC,HSC
HSC_460,4,HSC,HSC
HSC_464,4,HSC,HSC
HSC_465,4,HSC,HSC
HSC_466,4,HSC,HSC
HSC_467,1,HSC,HSC
HSC_468,4,HSC,HSC
HSC_469,4,HSC,HSC
HSC_470,4,HSC,HSC
HSC_471,4,HSC,HSC
HSC_472,1,HSC,HSC
HSC_473,4,HSC,HSC
HSC_474,4,HSC,HSC
HSC_475,4,HSC,HSC
HSC_476,0,CMP,HSC
HSC_478,4,HSC,HSC
HSC_479,4,HSC,HSC
GMP_0,2,GMP,GMP
GMP_1,2,GMP,GMP
GMP_3,2,GMP,GMP
GMP_4,2,GMP,GMP
GMP_6,2,GMP,GMP
GMP_7,2,GMP,GMP
GMP_8,2,GMP,GMP
GMP_9,2,GMP,GMP
GMP_10,2,GMP,GMP
GMP_11,2,GMP,GMP
GMP_13,2,GMP,GMP
GMP_14,2,GMP,GMP
GMP_15,2,GMP,GMP
GMP_16,2,GMP,GMP
GMP_19,2,GMP,GMP
GMP_20,2,GMP,GMP
GMP_21,2,GMP,GMP
GMP_22,2,GMP,GMP
GMP_23,2,GMP,GMP
GMP_24,2,GMP,GMP
GMP_25,2,GMP,GMP
GMP_26,2,GMP,GMP
GMP_28,2,GMP,GMP
GMP_30,2,GMP,GMP
GMP_31,2,GMP,GMP
GMP_32,2,GMP,GMP
GMP_36,2,GMP,GMP
GMP_37,2,GMP,GMP
GMP_38,2,GMP,GMP
GMP_39,2,GMP,GMP
GMP_40,2,GMP,GMP
GMP_42,2,GMP,GMP
GMP_43,2,GMP,GMP
GMP_44,2,GMP,GMP
GMP_45,2,GMP,GMP
GMP_46,2,GMP,GMP
GMP_47,2,GMP,GMP
GMP_48,2,GMP,GMP
GMP_49,2,GMP,GMP
GMP_50,2,GMP,GMP
GMP_51,2,GMP,GMP
GMP_52,2,GMP,GMP
GMP_54,2,GMP,GMP
GMP_55,2,GMP,GMP
GMP_56,2,GMP,GMP
GMP_57,2,GMP,GMP
GMP_58,2,GMP,GMP
GMP_59,2,GMP,GMP
GMP_60,2,GMP,GMP
GMP_61,2,GMP,GMP
GMP_62,2,GMP,GMP
GMP_66,2,GMP,GMP
GMP_67,2,GMP,GMP
GMP_68,2,GMP,GMP
GMP_69,2,GMP,GMP
GMP_70,2,GMP,GMP
GMP_71,2,GMP,GMP
GMP_72,2,GMP,GMP
GMP_73,2,GMP,GMP
GMP_74,2,GMP,GMP
GMP_75,2,GMP,GMP
GMP_76,2,GMP,GMP
GMP_78,2,GMP,GMP
GMP_79,2,GMP,GMP
GMP_80,2,GMP,GMP
GMP_82,2,GMP,GMP
GMP_83,2,GMP,GMP
GMP_84,2,GMP,GMP
GMP_85,2,GMP,GMP
GMP_86,2,GMP,GMP
GMP_87,2,GMP,GMP
GMP_88,2,GMP,GMP
GMP_90,2,GMP,GMP
GMP_91,2,GMP,GMP
GMP_92,2,GMP,GMP
GMP_93,2,GMP,GMP
GMP_94,2,GMP,GMP
GMP_95,2,GMP,GMP
GMP_96,6,CLP,GMP
GMP_97,2,GMP,GMP
GMP_98,2,GMP,GMP
GMP_99,2,GMP,GMP
GMP_100,2,GMP,GMP
GMP_102,2,GMP,GMP
GMP_103,2,GMP,GMP
GMP_105,2,GMP,GMP
GMP_106,2,GMP,GMP
GMP_107,2,GMP,GMP
GMP_108,2,GMP,GMP
GMP_109,2,GMP,GMP
GMP_110,0,CMP,GMP
GMP_111,2,GMP,GMP
GMP_112,2,GMP,GMP
GMP_113,2,GMP,GMP
GMP_115,2,GMP,GMP
GMP_116,2,GMP,GMP
GMP_117,2,GMP,GMP
GMP_118,2,GMP,GMP
GMP_119,2,GMP,GMP
GMP_120,2,GMP,GMP
GMP_121,2,GMP,GMP
GMP_122,2,GMP,GMP
GMP_123,6,CLP,GMP
GMP_124,2,GMP,GMP
GMP_125,2,GMP,GMP
GMP_126,0,CMP,GMP
GMP_127,0,CMP,GMP
GMP_128,6,CLP,GMP
GMP_130,2,GMP,GMP
GMP_131,2,GMP,GMP
GMP_133,6,CLP,GMP
GMP_134,2,GMP,GMP
GMP_135,0,CMP,GMP
GMP_137,2,GMP,GMP
GMP_138,2,GMP,GMP
GMP_139,2,GMP,GMP
GMP_140,2,GMP,GMP
GMP_141,2,GMP,GMP
GMP_142,2,GMP,GMP
GMP_143,2,GMP,GMP
GMP_144,2,GMP,GMP
GMP_145,2,GMP,GMP
GMP_146,2,GMP,GMP
GMP_147,2,GMP,GMP
GMP_149,2,GMP,GMP
GMP_150,2,GMP,GMP
GMP_151,2,GMP,GMP
GMP_153,2,GMP,GMP
GMP_154,2,GMP,GMP
GMP_155,2,GMP,GMP
GMP_156,0,CMP,GMP
GMP_157,2,GMP,GMP
GMP_158,2,GMP,GMP
GMP_159,2,GMP,GMP
GMP_161,2,GMP,GMP
GMP_162,2,GMP,GMP
GMP_163,2,GMP,GMP
GMP_165,2,GMP,GMP
GMP_166,2,GMP,GMP
GMP_167,2,GMP,GMP
GMP_168,2,GMP,GMP
GMP_169,2,GMP,GMP
GMP_171,2,GMP,GMP
GMP_172,2,GMP,GMP
GMP_173,2,GMP,GMP
GMP_175,2,GMP,GMP
GMP_176,2,GMP,GMP
GMP_178,2,GMP,GMP
GMP_180,2,GMP,GMP
GMP_181,2,GMP,GMP
GMP_182,2,GMP,GMP
GMP_183,2,GMP,GMP
GMP_184,2,GMP,GMP
GMP_187,6,CLP,GMP
GMP_188,2,GMP,GMP
GMP_189,2,GMP,GMP
GMP_190,2,GMP,GMP
GMP_191,6,CLP,GMP
GMP_192,2,GMP,GMP
GMP_193,2,GMP,GMP
GMP_194,2,GMP,GMP
GMP_195,2,GMP,GMP
GMP_196,2,GMP,GMP
GMP_197,2,GMP,GMP
GMP_198,2,GMP,GMP
GMP_199,2,GMP,GMP
GMP_200,2,GMP,GMP
GMP_201,2,GMP,GMP
GMP_202,2,GMP,GMP
GMP_203,2,GMP,GMP
GMP_204,2,GMP,GMP
GMP_205,2,GMP,GMP
GMP_206,2,GMP,GMP
GMP_207,2,GMP,GMP
GMP_208,2,GMP,GMP
GMP_209,2,GMP,GMP
GMP_210,3,MEP,GMP
GMP_211,2,GMP,GMP
GMP_212,2,GMP,GMP
GMP_213,2,GMP,GMP
GMP_214,0,CMP,GMP
GMP_215,2,GMP,GMP
GMP_216,2,GMP,GMP
GMP_217,2,GMP,GMP
GMP_218,2,GMP,GMP
GMP_219,2,GMP,GMP
GMP_220,2,GMP,GMP
GMP_221,2,GMP,GMP
GMP_222,2,GMP,GMP
GMP_223,2,GMP,GMP
GMP_224,2,GMP,GMP
GMP_225,2,GMP,GMP
GMP_226,2,GMP,GMP
GMP_227,2,GMP,GMP
GMP_228,2,GMP,GMP
GMP_229,2,GMP,GMP
GMP_230,0,CMP,GMP
GMP_231,2,GMP,GMP
GMP_232,2,GMP,GMP
GMP_233,2,GMP,GMP
GMP_234,2,GMP,GMP
GMP_235,2,GMP,GMP
GMP_236,0,CMP,GMP
GMP_237,2,GMP,GMP
GMP_238,2,GMP,GMP
GMP_239,2,GMP,GMP
GMP_240,2,GMP,GMP
GMP_241,2,GMP,GMP
GMP_242,0,CMP,GMP
GMP_243,2,GMP,GMP
GMP_244,2,GMP,GMP
GMP_245,2,GMP,GMP
GMP_246,2,GMP,GMP
GMP_247,2,GMP,GMP
GMP_248,2,GMP,GMP
GMP_249,2,GMP,GMP
GMP_250,2,GMP,GMP
GMP_251,2,GMP,GMP
GMP_252,2,GMP,GMP
GMP_253,2,GMP,GMP
GMP_254,0,CMP,GMP
GMP_255,2,GMP,GMP
GMP_256,2,GMP,GMP
GMP_257,2,GMP,GMP
GMP_258,2,GMP,GMP
GMP_259,2,GMP,GMP
GMP_260,2,GMP,GMP
GMP_261,2,GMP,GMP
GMP_262,2,GMP,GMP
GMP_263,2,GMP,GMP
GMP_264,2,GMP,GMP
GMP_265,2,GMP,GMP
GMP_266,2,GMP,GMP
GMP_267,2,GMP,GMP
GMP_268,2,GMP,GMP
GMP_269,2,GMP,GMP
GMP_270,2,GMP,GMP
GMP_271,2,GMP,GMP
GMP_272,2,GMP,GMP
GMP_273,2,GMP,GMP
GMP_274,2,GMP,GMP
GMP_275,2,GMP,GMP
GMP_276,2,GMP,GMP
GMP_277,2,GMP,GMP
GMP_278,2,GMP,GMP
GMP_279,2,GMP,GMP
GMP_280,2,GMP,GMP
GMP_281,2,GMP,GMP
GMP_282,2,GMP,GMP
GMP_283,2,GMP,GMP
GMP_284,2,GMP,GMP
GMP_286,2,GMP,GMP
GMP_287,2,GMP,GMP
MEP_0,3,MEP,MEP
MEP_1,3,MEP,MEP
MEP_2,3,MEP,MEP
MEP_3,3,MEP,MEP
MEP_4,3,MEP,MEP
MEP_5,3,MEP,MEP
MEP_6,3,MEP,MEP
MEP_8,3,MEP,MEP
MEP_9,3,MEP,MEP
MEP_10,3,MEP,MEP
MEP_11,3,MEP,MEP
MEP_12,3,MEP,MEP
MEP_13,3,MEP,MEP
MEP_14,3,MEP,MEP
MEP_15,3,MEP,MEP
MEP_16,3,MEP,MEP
MEP_17,3,MEP,MEP
MEP_18,3,MEP,MEP
MEP_19,3,MEP,MEP
MEP_20,3,MEP,MEP
MEP_21,3,MEP,MEP
MEP_22,3,MEP,MEP
MEP_23,3,MEP,MEP
MEP_25,3,MEP,MEP
MEP_26,3,MEP,MEP
MEP_27,3,MEP,MEP
MEP_28,3,MEP,MEP
MEP_29,3,MEP,MEP
MEP_30,3,MEP,MEP
MEP_31,3,MEP,MEP
MEP_32,0,CMP,MEP
MEP_33,3,MEP,MEP
MEP_34,3,MEP,MEP
MEP_35,3,MEP,MEP
MEP_36,3,MEP,MEP
MEP_37,3,MEP,MEP
MEP_39,5,CMP,MEP
MEP_40,3,MEP,MEP
MEP_41,3,MEP,MEP
MEP_42,3,MEP,MEP
MEP_44,3,MEP,MEP
MEP_45,3,MEP,MEP
MEP_46,3,MEP,MEP
MEP_47,3,MEP,MEP
MEP_48,3,MEP,MEP
MEP_49,3,MEP,MEP
MEP_50,3,MEP,MEP
MEP_51,3,MEP,MEP
MEP_52,3,MEP,MEP
MEP_53,3,MEP,MEP
MEP_54,3,MEP,MEP
MEP_55,3,MEP,MEP
MEP_56,3,MEP,MEP
MEP_57,3,MEP,MEP
MEP_58,3,MEP,MEP
MEP_59,3,MEP,MEP
MEP_79,5,CMP,MEP
MEP_80,3,MEP,MEP
MEP_81,3,MEP,MEP
MEP_82,3,MEP,MEP
MEP_83,3,MEP,MEP
MEP_85,3,MEP,MEP
MEP_86,5,CMP,MEP
MEP_87,3,MEP,MEP
MEP_89,3,MEP,MEP
MEP_90,3,MEP,MEP
MEP_91,3,MEP,MEP
MEP_92,3,MEP,MEP
MEP_93,3,MEP,MEP
MEP_94,3,MEP,MEP
MEP_95,3,MEP,MEP
MEP_96,3,MEP,MEP
MEP_97,3,MEP,MEP
MEP_98,3,MEP,MEP
MEP_99,3,MEP,MEP
MEP_100,3,MEP,MEP
MEP_101,3,MEP,MEP
MEP_102,3,MEP,MEP
MEP_103,3,MEP,MEP
MEP_104,3,MEP,MEP
MEP_105,3,MEP,MEP
MEP_106,3,MEP,MEP
MEP_107,3,MEP,MEP
MEP_108,3,MEP,MEP
MEP_109,3,MEP,MEP
MEP_110,3,MEP,MEP
MEP_111,3,MEP,MEP
MEP_112,3,MEP,MEP
MEP_113,3,MEP,MEP
MEP_114,3,MEP,MEP
MEP_115,3,MEP,MEP
MEP_116,3,MEP,MEP
MEP_117,3,MEP,MEP
MEP_118,3,MEP,MEP
MEP_119,3,MEP,MEP
MEP_120,3,MEP,MEP
MEP_121,3,MEP,MEP
MEP_122,3,MEP,MEP
MEP_123,3,MEP,MEP
MEP_124,3,MEP,MEP
MEP_125,3,MEP,MEP
MEP_126,3,MEP,MEP
MEP_127,3,MEP,MEP
MEP_128,3,MEP,MEP
MEP_129,3,MEP,MEP
MEP_130,3,MEP,MEP
MEP_131,3,MEP,MEP
MEP_132,3,MEP,MEP
MEP_133,3,MEP,MEP
MEP_134,3,MEP,MEP
MEP_135,3,MEP,MEP
MEP_136,3,MEP,MEP
MEP_137,3,MEP,MEP
MEP_138,3,MEP,MEP
MEP_139,3,MEP,MEP
MEP_140,3,MEP,MEP
MEP_141,3,MEP,MEP
MEP_142,3,MEP,MEP
MEP_143,3,MEP,MEP
MEP_144,3,MEP,MEP
MEP_145,3,MEP,MEP
MEP_146,3,MEP,MEP
MEP_147,3,MEP,MEP
MEP_148,3,MEP,MEP
MEP_149,3,MEP,MEP
MEP_151,3,MEP,MEP
MEP_152,3,MEP,MEP
MEP_153,3,MEP,MEP
MEP_154,3,MEP,MEP
MEP_155,3,MEP,MEP
MEP_156,3,MEP,MEP
MEP_157,3,MEP,MEP
MEP_158,3,MEP,MEP
MEP_159,3,MEP,MEP
MEP_160,3,MEP,MEP
MEP_161,3,MEP,MEP
MEP_162,3,MEP,MEP
MEP_163,3,MEP,MEP
MEP_164,3,MEP,MEP
MEP_165,3,MEP,MEP
MEP_166,3,MEP,MEP
MEP_167,3,MEP,MEP
MEP_169,3,MEP,MEP
MEP_170,3,MEP,MEP
MEP_171,3,MEP,MEP
MEP_172,3,MEP,MEP
MEP_173,3,MEP,MEP
MEP_174,3,MEP,MEP
MEP_175,3,MEP,MEP
MEP_176,3,MEP,MEP
MEP_177,3,MEP,MEP
MEP_178,3,MEP,MEP
MEP_179,3,MEP,MEP
MEP_180,3,MEP,MEP
MEP_181,3,MEP,MEP
MEP_182,3,MEP,MEP
MEP_183,3,MEP,MEP
MEP_184,3,MEP,MEP
MEP_185,3,MEP,MEP
MEP_191,3,MEP,MEP
MEP_193,3,MEP,MEP
MEP_195,3,MEP,MEP
MEP_198,3,MEP,MEP
MEP_200,3,MEP,MEP
MEP_205,3,MEP,MEP
MEP_207,3,MEP,MEP
MEP_208,3,MEP,MEP
MEP_209,3,MEP,MEP
MEP_210,3,MEP,MEP
MEP_214,3,MEP,MEP
MEP_215,3,MEP,MEP
MEP_216,5,CMP,MEP
MEP_217,3,MEP,MEP
MEP_220,3,MEP,MEP
MEP_221,3,MEP,MEP
MEP_222,3,MEP,MEP
MEP_224,3,MEP,MEP
MEP_231,3,MEP,MEP
MEP_238,3,MEP,MEP
MEP_246,3,MEP,MEP
MEP_253,3,MEP,MEP
MEP_254,3,MEP,MEP
MEP_256,5,CMP,MEP
MEP_258,3,MEP,MEP
MEP_259,3,MEP,MEP
MEP_261,3,MEP,MEP
MEP_272,3,MEP,MEP
MEP_274,3,MEP,MEP
MEP_276,3,MEP,MEP
MEP_281,3,MEP,MEP
MPP_0,1,HSC,MPP
MPP_1,1,HSC,MPP
MPP_4,1,HSC,MPP
MPP_5,1,HSC,MPP
MPP_6,1,HSC,MPP
MPP_7,1,HSC,MPP
MPP_8,1,HSC,MPP
MPP_9,0,CMP,MPP
MPP_10,4,HSC,MPP
MPP_12,1,HSC,MPP
MPP_13,1,HSC,MPP
MPP_14,1,HSC,MPP
MPP_15,1,HSC,MPP
MPP_16,1,HSC,MPP
MPP_17,1,HSC,MPP
MPP_18,1,HSC,MPP
MPP_19,1,HSC,MPP
MPP_20,1,HSC,MPP
MPP_21,1,HSC,MPP
MPP_23,1,HSC,MPP
MPP_24,1,HSC,MPP
MPP_25,1,HSC,MPP
MPP_26,0,CMP,MPP
MPP_27,1,HSC,MPP
MPP_29,1,HSC,MPP
MPP_30,1,HSC,MPP
MPP_31,1,HSC,MPP
MPP_33,1,HSC,MPP
MPP_34,1,HSC,MPP
MPP_35,1,HSC,MPP
MPP_36,1,HSC,MPP
MPP_37,1,HSC,MPP
MPP_38,0,CMP,MPP
MPP_39,1,HSC,MPP
MPP_40,1,HSC,MPP
MPP_41,1,HSC,MPP
MPP_42,1,HSC,MPP
MPP_44,0,CMP,MPP
MPP_45,1,HSC,MPP
MPP_46,1,HSC,MPP
MPP_47,1,HSC,MPP
MPP_48,1,HSC,MPP
MPP_49,1,HSC,MPP
MPP_50,4,HSC,MPP
MPP_51,1,HSC,MPP
MPP_53,1,HSC,MPP
MPP_54,1,HSC,MPP
MPP_55,1,HSC,MPP
MPP_56,1,HSC,MPP
MPP_57,1,HSC,MPP
MPP_58,1,HSC,MPP
MPP_59,5,CMP,MPP
MPP_60,1,HSC,MPP
MPP_61,1,HSC,MPP
MPP_62,1,HSC,MPP
MPP_63,1,HSC,MPP
MPP_64,1,HSC,MPP
MPP_65,1,HSC,MPP
MPP_66,1,HSC,MPP
MPP_67,1,HSC,MPP
MPP_68,0,CMP,MPP
MPP_69,1,HSC,MPP
MPP_70,1,HSC,MPP
MPP_71,1,HSC,MPP
MPP_72,0,CMP,MPP
MPP_73,1,HSC,MPP
MPP_75,1,HSC,MPP
MPP_77,1,HSC,MPP
MPP_78,1,HSC,MPP
MPP_79,5,CMP,MPP
MPP_80,1,HSC,MPP
MPP_81,1,HSC,MPP
MPP_82,1,HSC,MPP
MPP_83,1,HSC,MPP
MPP_84,1,HSC,MPP
MPP_85,5,CMP,MPP
MPP_86,1,HSC,MPP
MPP_87,1,HSC,MPP
MPP_88,1,HSC,MPP
MPP_89,1,HSC,MPP
MPP_90,0,CMP,MPP
MPP_91,1,HSC,MPP
MPP_92,1,HSC,MPP
MPP_93,0,CMP,MPP
MPP_94,1,HSC,MPP
MPP_95,1,HSC,MPP
MPP_96,4,HSC,MPP
MPP_97,4,HSC,MPP
MPP_98,4,HSC,MPP
MPP_99,4,HSC,MPP
MPP_100,0,CMP,MPP
MPP_101,5,CMP,MPP
MPP_102,2,GMP,MPP
MPP_103,4,HSC,MPP
MPP_104,0,CMP,MPP
MPP_105,0,CMP,MPP
MPP_106,0,CMP,MPP
MPP_107,3,MEP,MPP
MPP_108,0,CMP,MPP
MPP_109,0,CMP,MPP
MPP_111,4,HSC,MPP
MPP_112,0,CMP,MPP
MPP_113,4,HSC,MPP
MPP_114,4,HSC,MPP
MPP_115,3,MEP,MPP
MPP_117,0,CMP,MPP
MPP_118,0,CMP,MPP
MPP_119,0,CMP,MPP
MPP_120,5,CMP,MPP
MPP_121,4,HSC,MPP
MPP_122,4,HSC,MPP
MPP_123,4,HSC,MPP
MPP_124,0,CMP,MPP
MPP_125,0,CMP,MPP
MPP_126,4,HSC,MPP
MPP_127,4,HSC,MPP
MPP_128,0,CMP,MPP
MPP_129,0,CMP,MPP
MPP_130,0,CMP,MPP
MPP_131,3,MEP,MPP
MPP_132,4,HSC,MPP
MPP_133,4,HSC,MPP
MPP_134,0,CMP,MPP
MPP_135,4,HSC,MPP
MPP_136,0,CMP,MPP
MPP_137,4,HSC,MPP
MPP_138,0,CMP,MPP
MPP_139,0,CMP,MPP
MPP_140,4,HSC,MPP
MPP_141,0,CMP,MPP
MPP_142,0,CMP,MPP
MPP_143,4,HSC,MPP
MPP_144,4,HSC,MPP
MPP_145,4,HSC,MPP
MPP_146,4,HSC,MPP
MPP_147,4,HSC,MPP
MPP_148,4,HSC,MPP
MPP_149,5,CMP,MPP
MPP_150,4,HSC,MPP
MPP_151,3,MEP,MPP
MPP_152,4,HSC,MPP
MPP_153,0,CMP,MPP
MPP_154,4,HSC,MPP
MPP_155,4,HSC,MPP
MPP_156,0,CMP,MPP
MPP_158,4,HSC,MPP
MPP_159,0,CMP,MPP
MPP_160,4,HSC,MPP
MPP_161,4,HSC,MPP
MPP_162,4,HSC,MPP
MPP_163,0,CMP,MPP
MPP_164,4,HSC,MPP
MPP_165,0,CMP,MPP
MPP_166,4,HSC,MPP
MPP_168,4,HSC,MPP
MPP_170,4,HSC,MPP
MPP_171,4,HSC,MPP
MPP_173,3,MEP,MPP
MPP_174,4,HSC,MPP
MPP_175,4,HSC,MPP
MPP_176,0,CMP,MPP
MPP_177,4,HSC,MPP
MPP_178,5,CMP,MPP
MPP_179,3,MEP,MPP
MPP_180,4,HSC,MPP
MPP_181,1,HSC,MPP
MPP_182,3,MEP,MPP
MPP_183,5,CMP,MPP
MPP_184,4,HSC,MPP
MPP_185,4,HSC,MPP
MPP_186,4,HSC,MPP
MPP_187,0,CMP,MPP
MPP_188,4,HSC,MPP
MPP_191,4,HSC,MPP
CLP_2,6,CLP,CLP
CLP_12,6,CLP,CLP
CLP_13,6,CLP,CLP
CLP_20,6,CLP,CLP
CLP_23,6,CLP,CLP
CLP_26,2,GMP,CLP
CLP_29,6,CLP,CLP
CLP_35,6,CLP,CLP
CLP_41,6,CLP,CLP
CLP_43,6,CLP,CLP
CLP_49,6,CLP,CLP
CLP_52,6,CLP,CLP
CLP_57,2,GMP,CLP
CLP_60,6,CLP,CLP
CLP_61,6,CLP,CLP
CLP_65,2,GMP,CLP
CLP_66,6,CLP,CLP
CLP_68,6,CLP,CLP
CLP_69,6,CLP,CLP
CLP_70,6,CLP,CLP
CLP_71,6,CLP,CLP
CLP_73,6,CLP,CLP
CLP_74,6,CLP,CLP
CLP_75,6,CLP,CLP
CLP_77,6,CLP,CLP
CLP_78,6,CLP,CLP
CLP_79,6,CLP,CLP
CLP_82,6,CLP,CLP
CLP_85,6,CLP,CLP
CLP_86,6,CLP,CLP
CLP_87,6,CLP,CLP
CLP_90,6,CLP,CLP
CLP_92,6,CLP,CLP
CLP_93,6,CLP,CLP
CLP_95,6,CLP,CLP
CLP_97,6,CLP,CLP
CLP_98,6,CLP,CLP
CLP_99,6,CLP,CLP
CLP_100,6,CLP,CLP
CLP_101,6,CLP,CLP
CLP_102,6,CLP,CLP
CLP_103,6,CLP,CLP
CLP_104,6,CLP,CLP
CLP_107,6,CLP,CLP
CLP_108,6,CLP,CLP
CLP_109,6,CLP,CLP
CLP_110,6,CLP,CLP
CLP_111,6,CLP,CLP
CLP_112,6,CLP,CLP
CLP_113,6,CLP,CLP
CLP_115,6,CLP,CLP
CLP_116,6,CLP,CLP
CLP_119,6,CLP,CLP
CLP_120,6,CLP,CLP
CLP_122,6,CLP,CLP
CLP_123,6,CLP,CLP
CLP_124,6,CLP,CLP
CLP_125,6,CLP,CLP
CLP_126,6,CLP,CLP
CLP_127,6,CLP,CLP
CLP_128,6,CLP,CLP
CLP_129,6,CLP,CLP
CLP_130,6,CLP,CLP
CLP_132,6,CLP,CLP
CLP_133,6,CLP,CLP
CLP_134,6,CLP,CLP
CLP_135,6,CLP,CLP
CLP_136,6,CLP,CLP
CLP_137,6,CLP,CLP
CLP_140,6,CLP,CLP
CLP_141,6,CLP,CLP
CLP_142,6,CLP,CLP
CLP_143,6,CLP,CLP
CLP_144,6,CLP,CLP
CLP_145,6,CLP,CLP
CLP_146,6,CLP,CLP
CLP_147,6,CLP,CLP
CLP_149,6,CLP,CLP
CLP_150,6,CLP,CLP
CLP_152,6,CLP,CLP
CLP_153,6,CLP,CLP
CLP_154,6,CLP,CLP
CLP_156,6,CLP,CLP
CLP_157,6,CLP,CLP
CLP_158,6,CLP,CLP
CLP_159,6,CLP,CLP
CLP_160,6,CLP,CLP
CLP_162,6,CLP,CLP
CLP_163,6,CLP,CLP
CLP_166,6,CLP,CLP
CLP_168,6,CLP,CLP
CLP_170,6,CLP,CLP
CLP_171,6,CLP,CLP
CLP_172,6,CLP,CLP
CLP_173,6,CLP,CLP
CLP_174,6,CLP,CLP
CLP_175,6,CLP,CLP
CLP_179,6,CLP,CLP
CLP_180,6,CLP,CLP
CLP_181,6,CLP,CLP
CLP_182,6,CLP,CLP
CLP_183,6,CLP,CLP
CLP_185,6,CLP,CLP
CLP_187,6,CLP,CLP
CLP_188,6,CLP,CLP
CLP_189,6,CLP,CLP
CLP_190,6,CLP,CLP
LMPP_0,2,GMP,LMPP
LMPP_1,2,GMP,LMPP
LMPP_2,2,GMP,LMPP
LMPP_3,2,GMP,LMPP
LMPP_4,2,GMP,LMPP
LMPP_5,2,GMP,LMPP
LMPP_6,2,GMP,LMPP
LMPP_7,2,GMP,LMPP
LMPP_8,2,GMP,LMPP
LMPP_9,2,GMP,LMPP
LMPP_10,2,GMP,LMPP
LMPP_11,2,GMP,LMPP
LMPP_12,2,GMP,LMPP
LMPP_13,2,GMP,LMPP
LMPP_14,2,GMP,LMPP
LMPP_15,2,GMP,LMPP
LMPP_16,2,GMP,LMPP
LMPP_17,2,GMP,LMPP
LMPP_18,2,GMP,LMPP
LMPP_19,2,GMP,LMPP
LMPP_20,2,GMP,LMPP
LMPP_21,2,GMP,LMPP
LMPP_22,2,GMP,LMPP
LMPP_23,2,GMP,LMPP
LMPP_24,2,GMP,LMPP
LMPP_25,2,GMP,LMPP
LMPP_26,2,GMP,LMPP
LMPP_27,2,GMP,LMPP
LMPP_28,2,GMP,LMPP
LMPP_29,0,CMP,LMPP
LMPP_30,2,GMP,LMPP
LMPP_31,2,GMP,LMPP
LMPP_32,2,GMP,LMPP
LMPP_33,2,GMP,LMPP
LMPP_34,2,GMP,LMPP
LMPP_35,2,GMP,LMPP
LMPP_36,2,GMP,LMPP
LMPP_37,2,GMP,LMPP
LMPP_38,2,GMP,LMPP
LMPP_39,2,GMP,LMPP
LMPP_40,2,GMP,LMPP
LMPP_41,2,GMP,LMPP
LMPP_42,2,GMP,LMPP
LMPP_43,0,CMP,LMPP
LMPP_44,2,GMP,LMPP
LMPP_45,2,GMP,LMPP
LMPP_46,2,GMP,LMPP
LMPP_47,2,GMP,LMPP
LMPP_48,2,GMP,LMPP
LMPP_49,2,GMP,LMPP
LMPP_50,2,GMP,LMPP
LMPP_51,2,GMP,LMPP
LMPP_52,2,GMP,LMPP
LMPP_53,2,GMP,LMPP
LMPP_54,2,GMP,LMPP
LMPP_55,2,GMP,LMPP
LMPP_56,2,GMP,LMPP
LMPP_57,2,GMP,LMPP
LMPP_58,2,GMP,LMPP
LMPP_59,2,GMP,LMPP
LMPP_60,2,GMP,LMPP
LMPP_61,2,GMP,LMPP
LMPP_62,2,GMP,LMPP
LMPP_63,2,GMP,LMPP
LMPP_64,2,GMP,LMPP
LMPP_65,2,GMP,LMPP
LMPP_66,2,GMP,LMPP
LMPP_68,2,GMP,LMPP
LMPP_69,2,GMP,LMPP
LMPP_70,2,GMP,LMPP
LMPP_71,2,GMP,LMPP
LMPP_72,2,GMP,LMPP
LMPP_73,2,GMP,LMPP
LMPP_74,2,GMP,LMPP
LMPP_75,2,GMP,LMPP
LMPP_76,2,GMP,LMPP
LMPP_77,2,GMP,LMPP
LMPP_78,1,HSC,LMPP
LMPP_79,2,GMP,LMPP
LMPP_80,2,GMP,LMPP
LMPP_81,2,GMP,LMPP
LMPP_82,2,GMP,LMPP
LMPP_83,4,HSC,LMPP
LMPP_84,2,GMP,LMPP
LMPP_85,4,HSC,LMPP
LMPP_86,2,GMP,LMPP
LMPP_87,2,GMP,LMPP
LMPP_88,2,GMP,LMPP
LMPP_89,2,GMP,LMPP
LMPP_90,2,GMP,LMPP
LMPP_91,2,GMP,LMPP
LMPP_93,2,GMP,LMPP
LMPP_94,2,GMP,LMPP
LMPP_95,2,GMP,LMPP
