Sample_SRR;SampleID;bamReads;DonorID;Tissue;Condition;Treatment;Replicate;ControlID;Peaks;PeakCaller
SRR10887678;S2_GLU_ACC;/project/scATAC_analysis/10X_PBMC_analysis/AnnotationQuestion/bulk_ATAC_data/BOCA2_GSE143666/BOCA2_ENCODE_PROCESSED/GLU_NEU_ACC_/atac/4e64e28a-b0f0-4162-9e59-d041221ea480/call-filter/shard-0/execution/SRR10887678_1.fastq.trim.merged.srt.nodup.no_chrM_MT.bam;2;glutamatergic_neurons;glutamatergic_neurons;control;2;glutamatergic_neurons;/project/scATAC_analysis/10X_PBMC_analysis/AnnotationQuestion/bulk_ATAC_data/BOCA2_GSE143666/BOCA2_ENCODE_v3Processed_ENCODE_cCRE_coverage/ALL/SRR10887678_NOTmerged_scATAC_overlap_ENCODE_cCRE_coverage_6col.bed;bed
SRR10887680;S4_GLU_ACC;/project/scATAC_analysis/10X_PBMC_analysis/AnnotationQuestion/bulk_ATAC_data/BOCA2_GSE143666/BOCA2_ENCODE_PROCESSED/GLU_NEU_ACC_/atac/4e64e28a-b0f0-4162-9e59-d041221ea480/call-filter/shard-1/execution/SRR10887680_1.fastq.trim.merged.srt.nodup.no_chrM_MT.bam;4;glutamatergic_neurons;glutamatergic_neurons;control;4;glutamatergic_neurons;/project/scATAC_analysis/10X_PBMC_analysis/AnnotationQuestion/bulk_ATAC_data/BOCA2_GSE143666/BOCA2_ENCODE_v3Processed_ENCODE_cCRE_coverage/ALL/SRR10887680_NOTmerged_scATAC_overlap_ENCODE_cCRE_coverage_6col.bed;bed
SRR10887683;S1_GLU_ACC;/project/scATAC_analysis/10X_PBMC_analysis/AnnotationQuestion/bulk_ATAC_data/BOCA2_GSE143666/BOCA2_ENCODE_PROCESSED/GLU_NEU_ACC_/atac/4e64e28a-b0f0-4162-9e59-d041221ea480/call-filter/shard-2/execution/SRR10887683_1.fastq.trim.merged.srt.nodup.no_chrM_MT.bam;1;glutamatergic_neurons;glutamatergic_neurons;control;1;glutamatergic_neurons;/project/scATAC_analysis/10X_PBMC_analysis/AnnotationQuestion/bulk_ATAC_data/BOCA2_GSE143666/BOCA2_ENCODE_v3Processed_ENCODE_cCRE_coverage/ALL/SRR10887683_NOTmerged_scATAC_overlap_ENCODE_cCRE_coverage_6col.bed;bed
SRR10887685;S3_GLU_ACC;/project/scATAC_analysis/10X_PBMC_analysis/AnnotationQuestion/bulk_ATAC_data/BOCA2_GSE143666/BOCA2_ENCODE_PROCESSED/GLU_NEU_ACC_/atac/4e64e28a-b0f0-4162-9e59-d041221ea480/call-filter/shard-3/execution/SRR10887685_1.fastq.trim.merged.srt.nodup.no_chrM_MT.bam;3;glutamatergic_neurons;glutamatergic_neurons;control;3;glutamatergic_neurons;/project/scATAC_analysis/10X_PBMC_analysis/AnnotationQuestion/bulk_ATAC_data/BOCA2_GSE143666/BOCA2_ENCODE_v3Processed_ENCODE_cCRE_coverage/ALL/SRR10887685_NOTmerged_scATAC_overlap_ENCODE_cCRE_coverage_6col.bed;bed
SRR10887686;S2_GLU_DLPFC;/project/scATAC_analysis/10X_PBMC_analysis/AnnotationQuestion/bulk_ATAC_data/BOCA2_GSE143666/BOCA2_ENCODE_PROCESSED/GLU_NEU_DPC/atac/68ce6afe-d379-4fca-88b7-84a63164d705/call-filter/shard-0/execution/SRR10887686_1.fastq.trim.merged.srt.nodup.no_chrM_MT.bam;2;glutamatergic_neurons;glutamatergic_neurons;control;2;glutamatergic_neurons;/project/scATAC_analysis/10X_PBMC_analysis/AnnotationQuestion/bulk_ATAC_data/BOCA2_GSE143666/BOCA2_ENCODE_v3Processed_ENCODE_cCRE_coverage/ALL/SRR10887686_NOTmerged_scATAC_overlap_ENCODE_cCRE_coverage_6col.bed;bed
SRR10887689;S1_GLU_DLPFC;/project/scATAC_analysis/10X_PBMC_analysis/AnnotationQuestion/bulk_ATAC_data/BOCA2_GSE143666/BOCA2_ENCODE_PROCESSED/GLU_NEU_DPC/atac/68ce6afe-d379-4fca-88b7-84a63164d705/call-filter/shard-1/execution/SRR10887689_1.fastq.trim.merged.srt.nodup.no_chrM_MT.bam;1;glutamatergic_neurons;glutamatergic_neurons;control;1;glutamatergic_neurons;/project/scATAC_analysis/10X_PBMC_analysis/AnnotationQuestion/bulk_ATAC_data/BOCA2_GSE143666/BOCA2_ENCODE_v3Processed_ENCODE_cCRE_coverage/ALL/SRR10887689_NOTmerged_scATAC_overlap_ENCODE_cCRE_coverage_6col.bed;bed
SRR10887690;S4_GLU_DLPFC;/project/scATAC_analysis/10X_PBMC_analysis/AnnotationQuestion/bulk_ATAC_data/BOCA2_GSE143666/BOCA2_ENCODE_PROCESSED/GLU_NEU_DPC/atac/68ce6afe-d379-4fca-88b7-84a63164d705/call-filter/shard-2/execution/SRR10887690_1.fastq.trim.merged.srt.nodup.no_chrM_MT.bam;4;glutamatergic_neurons;glutamatergic_neurons;control;4;glutamatergic_neurons;/project/scATAC_analysis/10X_PBMC_analysis/AnnotationQuestion/bulk_ATAC_data/BOCA2_GSE143666/BOCA2_ENCODE_v3Processed_ENCODE_cCRE_coverage/ALL/SRR10887690_NOTmerged_scATAC_overlap_ENCODE_cCRE_coverage_6col.bed;bed
SRR10887693;S3_GLU_DLPFC;/project/scATAC_analysis/10X_PBMC_analysis/AnnotationQuestion/bulk_ATAC_data/BOCA2_GSE143666/BOCA2_ENCODE_PROCESSED/GLU_NEU_DPC/atac/68ce6afe-d379-4fca-88b7-84a63164d705/call-filter/shard-3/execution/SRR10887693_1.fastq.trim.merged.srt.nodup.no_chrM_MT.bam;3;glutamatergic_neurons;glutamatergic_neurons;control;3;glutamatergic_neurons;/project/scATAC_analysis/10X_PBMC_analysis/AnnotationQuestion/bulk_ATAC_data/BOCA2_GSE143666/BOCA2_ENCODE_v3Processed_ENCODE_cCRE_coverage/ALL/SRR10887693_NOTmerged_scATAC_overlap_ENCODE_cCRE_coverage_6col.bed;bed
SRR10887694;S3_GLU_PVC;/project/scATAC_analysis/10X_PBMC_analysis/AnnotationQuestion/bulk_ATAC_data/BOCA2_GSE143666/BOCA2_ENCODE_PROCESSED/GLU_NEU_PVC/atac/712a0c41-5983-43fb-b4b4-8774bd7901bd/call-filter/shard-0/execution/SRR10887694_1.fastq.trim.merged.srt.nodup.no_chrM_MT.bam;3;glutamatergic_neurons;glutamatergic_neurons;control;3;glutamatergic_neurons;/project/scATAC_analysis/10X_PBMC_analysis/AnnotationQuestion/bulk_ATAC_data/BOCA2_GSE143666/BOCA2_ENCODE_v3Processed_ENCODE_cCRE_coverage/ALL/SRR10887694_NOTmerged_scATAC_overlap_ENCODE_cCRE_coverage_6col.bed;bed
SRR10887696;S2_GLU_PVC;/project/scATAC_analysis/10X_PBMC_analysis/AnnotationQuestion/bulk_ATAC_data/BOCA2_GSE143666/BOCA2_ENCODE_PROCESSED/GLU_NEU_PVC/atac/712a0c41-5983-43fb-b4b4-8774bd7901bd/call-filter/shard-1/execution/SRR10887696_1.fastq.trim.merged.srt.nodup.no_chrM_MT.bam;2;glutamatergic_neurons;glutamatergic_neurons;control;2;glutamatergic_neurons;/project/scATAC_analysis/10X_PBMC_analysis/AnnotationQuestion/bulk_ATAC_data/BOCA2_GSE143666/BOCA2_ENCODE_v3Processed_ENCODE_cCRE_coverage/ALL/SRR10887696_NOTmerged_scATAC_overlap_ENCODE_cCRE_coverage_6col.bed;bed
SRR10887698;S4_GLU_PVC;/project/scATAC_analysis/10X_PBMC_analysis/AnnotationQuestion/bulk_ATAC_data/BOCA2_GSE143666/BOCA2_ENCODE_PROCESSED/GLU_NEU_PVC/atac/712a0c41-5983-43fb-b4b4-8774bd7901bd/call-filter/shard-2/execution/SRR10887698_1.fastq.trim.merged.srt.nodup.no_chrM_MT.bam;4;glutamatergic_neurons;glutamatergic_neurons;control;4;glutamatergic_neurons;/project/scATAC_analysis/10X_PBMC_analysis/AnnotationQuestion/bulk_ATAC_data/BOCA2_GSE143666/BOCA2_ENCODE_v3Processed_ENCODE_cCRE_coverage/ALL/SRR10887698_NOTmerged_scATAC_overlap_ENCODE_cCRE_coverage_6col.bed;bed
SRR10887700;S1_GLU_PVC;/project/scATAC_analysis/10X_PBMC_analysis/AnnotationQuestion/bulk_ATAC_data/BOCA2_GSE143666/BOCA2_ENCODE_PROCESSED/GLU_NEU_PVC/atac/712a0c41-5983-43fb-b4b4-8774bd7901bd/call-filter/shard-3/execution/SRR10887700_1.fastq.trim.merged.srt.nodup.no_chrM_MT.bam;1;glutamatergic_neurons;glutamatergic_neurons;control;1;glutamatergic_neurons;/project/scATAC_analysis/10X_PBMC_analysis/AnnotationQuestion/bulk_ATAC_data/BOCA2_GSE143666/BOCA2_ENCODE_v3Processed_ENCODE_cCRE_coverage/ALL/SRR10887700_NOTmerged_scATAC_overlap_ENCODE_cCRE_coverage_6col.bed;bed
SRR10887703;S3_GABA_ACC;/project/scATAC_analysis/10X_PBMC_analysis/AnnotationQuestion/bulk_ATAC_data/BOCA2_GSE143666/BOCA2_ENCODE_PROCESSED/GAB_NEU_ACC/atac/4e065688-905f-45b0-bb1d-718a9cfd5631/call-filter/shard-0/execution/SRR10887703_1.fastq.trim.merged.srt.nodup.no_chrM_MT.bam;3;GABAergic_neurons;GABAergic_neurons;control;3;GABAergic_neurons;/project/scATAC_analysis/10X_PBMC_analysis/AnnotationQuestion/bulk_ATAC_data/BOCA2_GSE143666/BOCA2_ENCODE_v3Processed_ENCODE_cCRE_coverage/ALL/SRR10887703_NOTmerged_scATAC_overlap_ENCODE_cCRE_coverage_6col.bed;bed
SRR10887705;S4_GABA_ACC;/project/scATAC_analysis/10X_PBMC_analysis/AnnotationQuestion/bulk_ATAC_data/BOCA2_GSE143666/BOCA2_ENCODE_PROCESSED/GAB_NEU_ACC/atac/4e065688-905f-45b0-bb1d-718a9cfd5631/call-filter/shard-1/execution/SRR10887705_1.fastq.trim.merged.srt.nodup.no_chrM_MT.bam;4;GABAergic_neurons;GABAergic_neurons;control;4;GABAergic_neurons;/project/scATAC_analysis/10X_PBMC_analysis/AnnotationQuestion/bulk_ATAC_data/BOCA2_GSE143666/BOCA2_ENCODE_v3Processed_ENCODE_cCRE_coverage/ALL/SRR10887705_NOTmerged_scATAC_overlap_ENCODE_cCRE_coverage_6col.bed;bed
SRR10887706;S1_GABA_ACC;/project/scATAC_analysis/10X_PBMC_analysis/AnnotationQuestion/bulk_ATAC_data/BOCA2_GSE143666/BOCA2_ENCODE_PROCESSED/GAB_NEU_ACC/atac/4e065688-905f-45b0-bb1d-718a9cfd5631/call-filter/shard-2/execution/SRR10887706_1.fastq.trim.merged.srt.nodup.no_chrM_MT.bam;1;GABAergic_neurons;GABAergic_neurons;control;1;GABAergic_neurons;/project/scATAC_analysis/10X_PBMC_analysis/AnnotationQuestion/bulk_ATAC_data/BOCA2_GSE143666/BOCA2_ENCODE_v3Processed_ENCODE_cCRE_coverage/ALL/SRR10887706_NOTmerged_scATAC_overlap_ENCODE_cCRE_coverage_6col.bed;bed
SRR10887708;S4_GABA_DLPFC;/project/scATAC_analysis/10X_PBMC_analysis/AnnotationQuestion/bulk_ATAC_data/BOCA2_GSE143666/BOCA2_ENCODE_PROCESSED/GAB_NEU_DPC/atac/b337ace6-6e71-45e6-979d-a20b80929caf/call-filter/shard-0/execution/SRR10887708_1.fastq.trim.merged.srt.nodup.no_chrM_MT.bam;4;GABAergic_neurons;GABAergic_neurons;control;4;GABAergic_neurons;/project/scATAC_analysis/10X_PBMC_analysis/AnnotationQuestion/bulk_ATAC_data/BOCA2_GSE143666/BOCA2_ENCODE_v3Processed_ENCODE_cCRE_coverage/ALL/SRR10887708_NOTmerged_scATAC_overlap_ENCODE_cCRE_coverage_6col.bed;bed
SRR10887710;S2_GABA_DLPFC;/project/scATAC_analysis/10X_PBMC_analysis/AnnotationQuestion/bulk_ATAC_data/BOCA2_GSE143666/BOCA2_ENCODE_PROCESSED/GAB_NEU_DPC/atac/b337ace6-6e71-45e6-979d-a20b80929caf/call-filter/shard-1/execution/SRR10887710_1.fastq.trim.merged.srt.nodup.no_chrM_MT.bam;2;GABAergic_neurons;GABAergic_neurons;control;2;GABAergic_neurons;/project/scATAC_analysis/10X_PBMC_analysis/AnnotationQuestion/bulk_ATAC_data/BOCA2_GSE143666/BOCA2_ENCODE_v3Processed_ENCODE_cCRE_coverage/ALL/SRR10887710_NOTmerged_scATAC_overlap_ENCODE_cCRE_coverage_6col.bed;bed
SRR10887713;S3_GABA_DLPFC;/project/scATAC_analysis/10X_PBMC_analysis/AnnotationQuestion/bulk_ATAC_data/BOCA2_GSE143666/BOCA2_ENCODE_PROCESSED/GAB_NEU_DPC/atac/b337ace6-6e71-45e6-979d-a20b80929caf/call-filter/shard-2/execution/SRR10887713_1.fastq.trim.merged.srt.nodup.no_chrM_MT.bam;3;GABAergic_neurons;GABAergic_neurons;control;3;GABAergic_neurons;/project/scATAC_analysis/10X_PBMC_analysis/AnnotationQuestion/bulk_ATAC_data/BOCA2_GSE143666/BOCA2_ENCODE_v3Processed_ENCODE_cCRE_coverage/ALL/SRR10887713_NOTmerged_scATAC_overlap_ENCODE_cCRE_coverage_6col.bed;bed
SRR10887714;S1_GABA_DLPFC;/project/scATAC_analysis/10X_PBMC_analysis/AnnotationQuestion/bulk_ATAC_data/BOCA2_GSE143666/BOCA2_ENCODE_PROCESSED/GAB_NEU_DPC/atac/b337ace6-6e71-45e6-979d-a20b80929caf/call-filter/shard-3/execution/SRR10887714_1.fastq.trim.merged.srt.nodup.no_chrM_MT.bam;1;GABAergic_neurons;GABAergic_neurons;control;1;GABAergic_neurons;/project/scATAC_analysis/10X_PBMC_analysis/AnnotationQuestion/bulk_ATAC_data/BOCA2_GSE143666/BOCA2_ENCODE_v3Processed_ENCODE_cCRE_coverage/GAB_NEU_DPC/SRR10887714_NOTmerged_scATAC_overlap_ENCODE_cCRE_coverage_6col.bed;bed
SRR10887716;S3_GABA_PVC;/project/scATAC_analysis/10X_PBMC_analysis/AnnotationQuestion/bulk_ATAC_data/BOCA2_GSE143666/BOCA2_ENCODE_PROCESSED/GAB_NEU_PVC/atac/f236be1d-6581-48cb-a694-0bed83ed4c51/call-filter/shard-0/execution/SRR10887716_1.fastq.trim.merged.srt.nodup.no_chrM_MT.bam;3;GABAergic_neurons;GABAergic_neurons;control;3;GABAergic_neurons;/project/scATAC_analysis/10X_PBMC_analysis/AnnotationQuestion/bulk_ATAC_data/BOCA2_GSE143666/BOCA2_ENCODE_v3Processed_ENCODE_cCRE_coverage/ALL/SRR10887716_NOTmerged_scATAC_overlap_ENCODE_cCRE_coverage_6col.bed;bed
SRR10887719;S4_GABA_PVC;/project/scATAC_analysis/10X_PBMC_analysis/AnnotationQuestion/bulk_ATAC_data/BOCA2_GSE143666/BOCA2_ENCODE_PROCESSED/GAB_NEU_PVC/atac/f236be1d-6581-48cb-a694-0bed83ed4c51/call-filter/shard-1/execution/SRR10887719_1.fastq.trim.merged.srt.nodup.no_chrM_MT.bam;4;GABAergic_neurons;GABAergic_neurons;control;4;GABAergic_neurons;/project/scATAC_analysis/10X_PBMC_analysis/AnnotationQuestion/bulk_ATAC_data/BOCA2_GSE143666/BOCA2_ENCODE_v3Processed_ENCODE_cCRE_coverage/ALL/SRR10887719_NOTmerged_scATAC_overlap_ENCODE_cCRE_coverage_6col.bed;bed
SRR10887721;S1_GABA_PVC;/project/scATAC_analysis/10X_PBMC_analysis/AnnotationQuestion/bulk_ATAC_data/BOCA2_GSE143666/BOCA2_ENCODE_PROCESSED/GAB_NEU_PVC/atac/f236be1d-6581-48cb-a694-0bed83ed4c51/call-filter/shard-2/execution/SRR10887721_1.fastq.trim.merged.srt.nodup.no_chrM_MT.bam;1;GABAergic_neurons;GABAergic_neurons;control;1;GABAergic_neurons;/project/scATAC_analysis/10X_PBMC_analysis/AnnotationQuestion/bulk_ATAC_data/BOCA2_GSE143666/BOCA2_ENCODE_v3Processed_ENCODE_cCRE_coverage/ALL/SRR10887721_NOTmerged_scATAC_overlap_ENCODE_cCRE_coverage_6col.bed;bed
SRR10887722;S2_GABA_PVC;/project/scATAC_analysis/10X_PBMC_analysis/AnnotationQuestion/bulk_ATAC_data/BOCA2_GSE143666/BOCA2_ENCODE_PROCESSED/GAB_NEU_PVC/atac/f236be1d-6581-48cb-a694-0bed83ed4c51/call-filter/shard-3/execution/SRR10887722_1.fastq.trim.merged.srt.nodup.no_chrM_MT.bam;2;GABAergic_neurons;GABAergic_neurons;control;2;GABAergic_neurons;/project/scATAC_analysis/10X_PBMC_analysis/AnnotationQuestion/bulk_ATAC_data/BOCA2_GSE143666/BOCA2_ENCODE_v3Processed_ENCODE_cCRE_coverage/ALL/SRR10887722_NOTmerged_scATAC_overlap_ENCODE_cCRE_coverage_6col.bed;bed
SRR10887724;S2_OLIG_ACC;/project/scATAC_analysis/10X_PBMC_analysis/AnnotationQuestion/bulk_ATAC_data/BOCA2_GSE143666/BOCA2_ENCODE_PROCESSED/OLI_ACC/atac/94c7b070-c497-466e-840f-c4f78ff2de65/call-filter/shard-0/execution/SRR10887724_1.fastq.trim.merged.srt.nodup.no_chrM_MT.bam;2;oligodendrocytes;oligodendrocytes;control;2;oligodendrocytes;/project/scATAC_analysis/10X_PBMC_analysis/AnnotationQuestion/bulk_ATAC_data/BOCA2_GSE143666/BOCA2_ENCODE_v3Processed_ENCODE_cCRE_coverage/ALL/SRR10887724_NOTmerged_scATAC_overlap_ENCODE_cCRE_coverage_6col.bed;bed
SRR10887726;S1_OLIG_ACC;/project/scATAC_analysis/10X_PBMC_analysis/AnnotationQuestion/bulk_ATAC_data/BOCA2_GSE143666/BOCA2_ENCODE_PROCESSED/OLI_ACC/atac/94c7b070-c497-466e-840f-c4f78ff2de65/call-filter/shard-1/execution/SRR10887726_1.fastq.trim.merged.srt.nodup.no_chrM_MT.bam;1;oligodendrocytes;oligodendrocytes;control;1;oligodendrocytes;/project/scATAC_analysis/10X_PBMC_analysis/AnnotationQuestion/bulk_ATAC_data/BOCA2_GSE143666/BOCA2_ENCODE_v3Processed_ENCODE_cCRE_coverage/ALL/SRR10887726_NOTmerged_scATAC_overlap_ENCODE_cCRE_coverage_6col.bed;bed
SRR10887729;S3_OLIG_ACC;/project/scATAC_analysis/10X_PBMC_analysis/AnnotationQuestion/bulk_ATAC_data/BOCA2_GSE143666/BOCA2_ENCODE_PROCESSED/OLI_ACC/atac/94c7b070-c497-466e-840f-c4f78ff2de65/call-filter/shard-2/execution/SRR10887729_1.fastq.trim.merged.srt.nodup.no_chrM_MT.bam;3;oligodendrocytes;oligodendrocytes;control;3;oligodendrocytes;/project/scATAC_analysis/10X_PBMC_analysis/AnnotationQuestion/bulk_ATAC_data/BOCA2_GSE143666/BOCA2_ENCODE_v3Processed_ENCODE_cCRE_coverage/ALL/SRR10887729_NOTmerged_scATAC_overlap_ENCODE_cCRE_coverage_6col.bed;bed
SRR10887730;S4_OLIG_ACC;/project/scATAC_analysis/10X_PBMC_analysis/AnnotationQuestion/bulk_ATAC_data/BOCA2_GSE143666/BOCA2_ENCODE_PROCESSED/OLI_ACC/atac/94c7b070-c497-466e-840f-c4f78ff2de65/call-filter/shard-3/execution/SRR10887730_1.fastq.trim.merged.srt.nodup.no_chrM_MT.bam;4;oligodendrocytes;oligodendrocytes;control;4;oligodendrocytes;/project/scATAC_analysis/10X_PBMC_analysis/AnnotationQuestion/bulk_ATAC_data/BOCA2_GSE143666/BOCA2_ENCODE_v3Processed_ENCODE_cCRE_coverage/ALL/SRR10887730_NOTmerged_scATAC_overlap_ENCODE_cCRE_coverage_6col.bed;bed
SRR10887732;S2_OLIG_DLPFC;/project/scATAC_analysis/10X_PBMC_analysis/AnnotationQuestion/bulk_ATAC_data/BOCA2_GSE143666/BOCA2_ENCODE_PROCESSED/OLI_DPC/atac/4a6290a7-c31f-47b2-a775-d01035703c35/call-filter/shard-0/execution/SRR10887732_1.fastq.trim.merged.srt.nodup.no_chrM_MT.bam;2;oligodendrocytes;oligodendrocytes;control;2;oligodendrocytes;/project/scATAC_analysis/10X_PBMC_analysis/AnnotationQuestion/bulk_ATAC_data/BOCA2_GSE143666/BOCA2_ENCODE_v3Processed_ENCODE_cCRE_coverage/ALL/SRR10887732_NOTmerged_scATAC_overlap_ENCODE_cCRE_coverage_6col.bed;bed
SRR10887734;S1_OLIG_DLPFC;/project/scATAC_analysis/10X_PBMC_analysis/AnnotationQuestion/bulk_ATAC_data/BOCA2_GSE143666/BOCA2_ENCODE_PROCESSED/OLI_DPC/atac/4a6290a7-c31f-47b2-a775-d01035703c35/call-filter/shard-1/execution/SRR10887734_1.fastq.trim.merged.srt.nodup.no_chrM_MT.bam;1;oligodendrocytes;oligodendrocytes;control;1;oligodendrocytes;/project/scATAC_analysis/10X_PBMC_analysis/AnnotationQuestion/bulk_ATAC_data/BOCA2_GSE143666/BOCA2_ENCODE_v3Processed_ENCODE_cCRE_coverage/ALL/SRR10887734_NOTmerged_scATAC_overlap_ENCODE_cCRE_coverage_6col.bed;bed
SRR10887737;S3_OLIG_DLPFC;/project/scATAC_analysis/10X_PBMC_analysis/AnnotationQuestion/bulk_ATAC_data/BOCA2_GSE143666/BOCA2_ENCODE_PROCESSED/OLI_DPC/atac/4a6290a7-c31f-47b2-a775-d01035703c35/call-filter/shard-2/execution/SRR10887737_1.fastq.trim.merged.srt.nodup.no_chrM_MT.bam;3;oligodendrocytes;oligodendrocytes;control;3;oligodendrocytes;/project/scATAC_analysis/10X_PBMC_analysis/AnnotationQuestion/bulk_ATAC_data/BOCA2_GSE143666/BOCA2_ENCODE_v3Processed_ENCODE_cCRE_coverage/ALL/SRR10887737_NOTmerged_scATAC_overlap_ENCODE_cCRE_coverage_6col.bed;bed
SRR10887738;S4_OLIG_DLPFC;/project/scATAC_analysis/10X_PBMC_analysis/AnnotationQuestion/bulk_ATAC_data/BOCA2_GSE143666/BOCA2_ENCODE_PROCESSED/OLI_DPC/atac/4a6290a7-c31f-47b2-a775-d01035703c35/call-filter/shard-3/execution/SRR10887738_1.fastq.trim.merged.srt.nodup.no_chrM_MT.bam;4;oligodendrocytes;oligodendrocytes;control;4;oligodendrocytes;/project/scATAC_analysis/10X_PBMC_analysis/AnnotationQuestion/bulk_ATAC_data/BOCA2_GSE143666/BOCA2_ENCODE_v3Processed_ENCODE_cCRE_coverage/ALL/SRR10887738_NOTmerged_scATAC_overlap_ENCODE_cCRE_coverage_6col.bed;bed
SRR10887740;S1_OLIG_PVC;/project/scATAC_analysis/10X_PBMC_analysis/AnnotationQuestion/bulk_ATAC_data/BOCA2_GSE143666/BOCA2_ENCODE_PROCESSED/OLI_PVC/atac/b4db9e5f-6fd0-44e0-923c-5d3118d5d1f1/call-filter/shard-0/execution/SRR10887740_1.fastq.trim.merged.srt.nodup.no_chrM_MT.bam;1;oligodendrocytes;oligodendrocytes;control;1;oligodendrocytes;/project/scATAC_analysis/10X_PBMC_analysis/AnnotationQuestion/bulk_ATAC_data/BOCA2_GSE143666/BOCA2_ENCODE_v3Processed_ENCODE_cCRE_coverage/ALL/SRR10887740_NOTmerged_scATAC_overlap_ENCODE_cCRE_coverage_6col.bed;bed
SRR10887742;S3_OLIG_PVC;/project/scATAC_analysis/10X_PBMC_analysis/AnnotationQuestion/bulk_ATAC_data/BOCA2_GSE143666/BOCA2_ENCODE_PROCESSED/OLI_PVC/atac/b4db9e5f-6fd0-44e0-923c-5d3118d5d1f1/call-filter/shard-1/execution/SRR10887742_1.fastq.trim.merged.srt.nodup.no_chrM_MT.bam;3;oligodendrocytes;oligodendrocytes;control;3;oligodendrocytes;/project/scATAC_analysis/10X_PBMC_analysis/AnnotationQuestion/bulk_ATAC_data/BOCA2_GSE143666/BOCA2_ENCODE_v3Processed_ENCODE_cCRE_coverage/ALL/SRR10887742_NOTmerged_scATAC_overlap_ENCODE_cCRE_coverage_6col.bed;bed
SRR10887745;S2_OLIG_PVC;/project/scATAC_analysis/10X_PBMC_analysis/AnnotationQuestion/bulk_ATAC_data/BOCA2_GSE143666/BOCA2_ENCODE_PROCESSED/OLI_PVC/atac/b4db9e5f-6fd0-44e0-923c-5d3118d5d1f1/call-filter/shard-2/execution/SRR10887745_1.fastq.trim.merged.srt.nodup.no_chrM_MT.bam;2;oligodendrocytes;oligodendrocytes;control;2;oligodendrocytes;/project/scATAC_analysis/10X_PBMC_analysis/AnnotationQuestion/bulk_ATAC_data/BOCA2_GSE143666/BOCA2_ENCODE_v3Processed_ENCODE_cCRE_coverage/ALL/SRR10887745_NOTmerged_scATAC_overlap_ENCODE_cCRE_coverage_6col.bed;bed
SRR10887746;S4_OLIG_PVC;/project/scATAC_analysis/10X_PBMC_analysis/AnnotationQuestion/bulk_ATAC_data/BOCA2_GSE143666/BOCA2_ENCODE_PROCESSED/OLI_PVC/atac/b4db9e5f-6fd0-44e0-923c-5d3118d5d1f1/call-filter/shard-3/execution/SRR10887746_1.fastq.trim.merged.srt.nodup.no_chrM_MT.bam;4;oligodendrocytes;oligodendrocytes;control;4;oligodendrocytes;/project/scATAC_analysis/10X_PBMC_analysis/AnnotationQuestion/bulk_ATAC_data/BOCA2_GSE143666/BOCA2_ENCODE_v3Processed_ENCODE_cCRE_coverage/ALL/SRR10887746_NOTmerged_scATAC_overlap_ENCODE_cCRE_coverage_6col.bed;bed
SRR10887749;S1_MGAS_ACC;/project/scATAC_analysis/10X_PBMC_analysis/AnnotationQuestion/bulk_ATAC_data/BOCA2_GSE143666/BOCA2_ENCODE_PROCESSED/MIC_AND_AST_ACC/atac/9f68b932-2282-4a7e-be84-22a928dee237/call-filter/shard-0/execution/SRR10887749_1.fastq.trim.merged.srt.nodup.no_chrM_MT.bam;1;microglia_and_astrocytes;microglia_and_astrocytes;control;1;microglia_and_astrocytes;/project/scATAC_analysis/10X_PBMC_analysis/AnnotationQuestion/bulk_ATAC_data/BOCA2_GSE143666/BOCA2_ENCODE_v3Processed_ENCODE_cCRE_coverage/ALL/SRR10887749_NOTmerged_scATAC_overlap_ENCODE_cCRE_coverage_6col.bed;bed
SRR10887751;S3_MGAS_ACC;/project/scATAC_analysis/10X_PBMC_analysis/AnnotationQuestion/bulk_ATAC_data/BOCA2_GSE143666/BOCA2_ENCODE_PROCESSED/MIC_AND_AST_ACC/atac/9f68b932-2282-4a7e-be84-22a928dee237/call-filter/shard-1/execution/SRR10887751_1.fastq.trim.merged.srt.nodup.no_chrM_MT.bam;3;microglia_and_astrocytes;microglia_and_astrocytes;control;3;microglia_and_astrocytes;/project/scATAC_analysis/10X_PBMC_analysis/AnnotationQuestion/bulk_ATAC_data/BOCA2_GSE143666/BOCA2_ENCODE_v3Processed_ENCODE_cCRE_coverage/ALL/SRR10887751_NOTmerged_scATAC_overlap_ENCODE_cCRE_coverage_6col.bed;bed
SRR10887752;S2_MGAS_ACC;/project/scATAC_analysis/10X_PBMC_analysis/AnnotationQuestion/bulk_ATAC_data/BOCA2_GSE143666/BOCA2_ENCODE_PROCESSED/MIC_AND_AST_ACC/atac/9f68b932-2282-4a7e-be84-22a928dee237/call-filter/shard-2/execution/SRR10887753_1.fastq.trim.merged.srt.nodup.no_chrM_MT.bam;2;microglia_and_astrocytes;microglia_and_astrocytes;control;2;microglia_and_astrocytes;/project/scATAC_analysis/10X_PBMC_analysis/AnnotationQuestion/bulk_ATAC_data/BOCA2_GSE143666/BOCA2_ENCODE_v3Processed_ENCODE_cCRE_coverage/ALL/SRR10887753_NOTmerged_scATAC_overlap_ENCODE_cCRE_coverage_6col.bed;bed
SRR10887755;S4_MGAS_ACC;/project/scATAC_analysis/10X_PBMC_analysis/AnnotationQuestion/bulk_ATAC_data/BOCA2_GSE143666/BOCA2_ENCODE_PROCESSED/MIC_AND_AST_ACC/atac/9f68b932-2282-4a7e-be84-22a928dee237/call-filter/shard-3/execution/SRR10887755_1.fastq.trim.merged.srt.nodup.no_chrM_MT.bam;4;microglia_and_astrocytes;microglia_and_astrocytes;control;4;microglia_and_astrocytes;/project/scATAC_analysis/10X_PBMC_analysis/AnnotationQuestion/bulk_ATAC_data/BOCA2_GSE143666/BOCA2_ENCODE_v3Processed_ENCODE_cCRE_coverage/ALL/SRR10887755_NOTmerged_scATAC_overlap_ENCODE_cCRE_coverage_6col.bed;bed
SRR10887756;S4_MGAS_DLPFC;/project/scATAC_analysis/10X_PBMC_analysis/AnnotationQuestion/bulk_ATAC_data/BOCA2_GSE143666/BOCA2_ENCODE_PROCESSED/MIC_AND_AST_DPC/atac/bdc829ea-4e9f-4683-876e-bf60250daf6d/call-filter/shard-0/execution/SRR10887756_1.fastq.trim.merged.srt.nodup.no_chrM_MT.bam;4;microglia_and_astrocytes;microglia_and_astrocytes;control;4;microglia_and_astrocytes;/project/scATAC_analysis/10X_PBMC_analysis/AnnotationQuestion/bulk_ATAC_data/BOCA2_GSE143666/BOCA2_ENCODE_v3Processed_ENCODE_cCRE_coverage/ALL/SRR10887756_NOTmerged_scATAC_overlap_ENCODE_cCRE_coverage_6col.bed;bed
SRR10887758;S1_MGAS_DLPFC;/project/scATAC_analysis/10X_PBMC_analysis/AnnotationQuestion/bulk_ATAC_data/BOCA2_GSE143666/BOCA2_ENCODE_PROCESSED/MIC_AND_AST_DPC/atac/bdc829ea-4e9f-4683-876e-bf60250daf6d/call-filter/shard-1/execution/SRR10887758_1.fastq.trim.merged.srt.nodup.no_chrM_MT.bam;1;microglia_and_astrocytes;microglia_and_astrocytes;control;1;microglia_and_astrocytes;/project/scATAC_analysis/10X_PBMC_analysis/AnnotationQuestion/bulk_ATAC_data/BOCA2_GSE143666/BOCA2_ENCODE_v3Processed_ENCODE_cCRE_coverage/ALL/SRR10887758_NOTmerged_scATAC_overlap_ENCODE_cCRE_coverage_6col.bed;bed
SRR10887760;S2_MGAS_DLPFC;/project/scATAC_analysis/10X_PBMC_analysis/AnnotationQuestion/bulk_ATAC_data/BOCA2_GSE143666/BOCA2_ENCODE_PROCESSED/MIC_AND_AST_DPC/atac/bdc829ea-4e9f-4683-876e-bf60250daf6d/call-filter/shard-2/execution/SRR10887760_1.fastq.trim.merged.srt.nodup.no_chrM_MT.bam;2;microglia_and_astrocytes;microglia_and_astrocytes;control;2;microglia_and_astrocytes;/project/scATAC_analysis/10X_PBMC_analysis/AnnotationQuestion/bulk_ATAC_data/BOCA2_GSE143666/BOCA2_ENCODE_v3Processed_ENCODE_cCRE_coverage/ALL/SRR10887760_NOTmerged_scATAC_overlap_ENCODE_cCRE_coverage_6col.bed;bed
SRR10887763;S3_MGAS_DLPFC;/project/scATAC_analysis/10X_PBMC_analysis/AnnotationQuestion/bulk_ATAC_data/BOCA2_GSE143666/BOCA2_ENCODE_PROCESSED/MIC_AND_AST_DPC/atac/bdc829ea-4e9f-4683-876e-bf60250daf6d/call-filter/shard-3/execution/SRR10887763_1.fastq.trim.merged.srt.nodup.no_chrM_MT.bam;3;microglia_and_astrocytes;microglia_and_astrocytes;control;3;microglia_and_astrocytes;/project/scATAC_analysis/10X_PBMC_analysis/AnnotationQuestion/bulk_ATAC_data/BOCA2_GSE143666/BOCA2_ENCODE_v3Processed_ENCODE_cCRE_coverage/ALL/SRR10887763_NOTmerged_scATAC_overlap_ENCODE_cCRE_coverage_6col.bed;bed
SRR10887764;S1_MGAS_PVC;/project/scATAC_analysis/10X_PBMC_analysis/AnnotationQuestion/bulk_ATAC_data/BOCA2_GSE143666/BOCA2_ENCODE_PROCESSED/MIC_AND_AST_PVC/atac/e2404494-2ce9-4adf-bfc9-e6bd65ca6250/call-filter/shard-0/execution/SRR10887764_1.fastq.trim.merged.srt.nodup.no_chrM_MT.bam;1;microglia_and_astrocytes;microglia_and_astrocytes;control;1;microglia_and_astrocytes;/project/scATAC_analysis/10X_PBMC_analysis/AnnotationQuestion/bulk_ATAC_data/BOCA2_GSE143666/BOCA2_ENCODE_v3Processed_ENCODE_cCRE_coverage/ALL/SRR10887764_NOTmerged_scATAC_overlap_ENCODE_cCRE_coverage_6col.bed;bed
SRR10887766;S3_MGAS_PVC;/project/scATAC_analysis/10X_PBMC_analysis/AnnotationQuestion/bulk_ATAC_data/BOCA2_GSE143666/BOCA2_ENCODE_PROCESSED/MIC_AND_AST_PVC/atac/e2404494-2ce9-4adf-bfc9-e6bd65ca6250/call-filter/shard-1/execution/SRR10887766_1.fastq.trim.merged.srt.nodup.no_chrM_MT.bam;3;microglia_and_astrocytes;microglia_and_astrocytes;control;3;microglia_and_astrocytes;/project/scATAC_analysis/10X_PBMC_analysis/AnnotationQuestion/bulk_ATAC_data/BOCA2_GSE143666/BOCA2_ENCODE_v3Processed_ENCODE_cCRE_coverage/ALL/SRR10887766_NOTmerged_scATAC_overlap_ENCODE_cCRE_coverage_6col.bed;bed
SRR10887768;S4_MGAS_PVC;/project/scATAC_analysis/10X_PBMC_analysis/AnnotationQuestion/bulk_ATAC_data/BOCA2_GSE143666/BOCA2_ENCODE_PROCESSED/MIC_AND_AST_PVC/atac/e2404494-2ce9-4adf-bfc9-e6bd65ca6250/call-filter/shard-2/execution/SRR10887768_1.fastq.trim.merged.srt.nodup.no_chrM_MT.bam;4;microglia_and_astrocytes;microglia_and_astrocytes;control;4;microglia_and_astrocytes;/project/scATAC_analysis/10X_PBMC_analysis/AnnotationQuestion/bulk_ATAC_data/BOCA2_GSE143666/BOCA2_ENCODE_v3Processed_ENCODE_cCRE_coverage/ALL/SRR10887768_NOTmerged_scATAC_overlap_ENCODE_cCRE_coverage_6col.bed;bed
SRR10887770;S2_MGAS_PVC;/project/scATAC_analysis/10X_PBMC_analysis/AnnotationQuestion/bulk_ATAC_data/BOCA2_GSE143666/BOCA2_ENCODE_PROCESSED/MIC_AND_AST_PVC/atac/e2404494-2ce9-4adf-bfc9-e6bd65ca6250/call-filter/shard-3/execution/SRR10887770_1.fastq.trim.merged.srt.nodup.no_chrM_MT.bam;2;microglia_and_astrocytes;microglia_and_astrocytes;control;2;microglia_and_astrocytes;/project/scATAC_analysis/10X_PBMC_analysis/AnnotationQuestion/bulk_ATAC_data/BOCA2_GSE143666/BOCA2_ENCODE_v3Processed_ENCODE_cCRE_coverage/ALL/SRR10887770_NOTmerged_scATAC_overlap_ENCODE_cCRE_coverage_6col.bed;bed