,leiden_1.9,scATAcat_annotation,ground_truth_annotation
CLP_1,10,CLP,CLP
CMP_0,3,CMP,CMP
CMP_1,3,CMP,CMP
CMP_2,4,CMP,CMP
CMP_3,8,MEP,CMP
CMP_4,0,GMP,CMP
CMP_5,3,CMP,CMP
CMP_6,6,GMP,CMP
CMP_7,3,CMP,CMP
CMP_8,4,CMP,CMP
CMP_9,4,CMP,CMP
CMP_10,3,CMP,CMP
CMP_11,3,CMP,CMP
CMP_12,6,GMP,CMP
CMP_13,6,GMP,CMP
CMP_14,6,GMP,CMP
CMP_15,3,CMP,CMP
CMP_17,3,CMP,CMP
CMP_18,4,CMP,CMP
CMP_19,0,GMP,CMP
CMP_20,3,CMP,CMP
CMP_21,6,GMP,CMP
CMP_22,6,GMP,CMP
CMP_23,3,CMP,CMP
CMP_24,3,CMP,CMP
CMP_25,0,GMP,CMP
CMP_26,0,GMP,CMP
CMP_27,3,CMP,CMP
CMP_28,4,CMP,CMP
CMP_29,3,CMP,CMP
CMP_30,4,CMP,CMP
CMP_31,6,GMP,CMP
CMP_32,2,HSC,CMP
CMP_33,3,CMP,CMP
CMP_34,6,GMP,CMP
CMP_35,6,GMP,CMP
CMP_36,3,CMP,CMP
CMP_37,4,CMP,CMP
CMP_38,3,CMP,CMP
CMP_39,6,GMP,CMP
CMP_40,3,CMP,CMP
CMP_41,4,CMP,CMP
CMP_42,12,MPP,CMP
CMP_43,3,CMP,CMP
CMP_44,8,MEP,CMP
CMP_45,6,GMP,CMP
CMP_48,6,GMP,CMP
CMP_49,6,GMP,CMP
CMP_50,8,MEP,CMP
CMP_51,6,GMP,CMP
CMP_52,0,GMP,CMP
CMP_53,6,GMP,CMP
CMP_54,8,MEP,CMP
CMP_55,6,GMP,CMP
CMP_56,6,GMP,CMP
CMP_57,4,CMP,CMP
CMP_58,3,CMP,CMP
CMP_59,4,CMP,CMP
CMP_60,6,GMP,CMP
CMP_61,2,HSC,CMP
CMP_62,4,CMP,CMP
CMP_63,4,CMP,CMP
CMP_64,6,GMP,CMP
CMP_65,0,GMP,CMP
CMP_66,5,HSC,CMP
CMP_67,4,CMP,CMP
CMP_68,3,CMP,CMP
CMP_69,3,CMP,CMP
CMP_70,6,GMP,CMP
CMP_71,6,GMP,CMP
CMP_72,7,CMP,CMP
CMP_73,6,GMP,CMP
CMP_74,3,CMP,CMP
CMP_75,6,GMP,CMP
CMP_76,3,CMP,CMP
CMP_77,3,CMP,CMP
CMP_78,6,GMP,CMP
CMP_79,0,GMP,CMP
CMP_80,4,CMP,CMP
CMP_81,6,GMP,CMP
CMP_82,5,HSC,CMP
CMP_83,0,GMP,CMP
CMP_84,3,CMP,CMP
CMP_85,3,CMP,CMP
CMP_86,5,HSC,CMP
CMP_87,4,CMP,CMP
CMP_88,3,CMP,CMP
CMP_89,4,CMP,CMP
CMP_90,4,CMP,CMP
CMP_91,8,MEP,CMP
CMP_92,4,CMP,CMP
CMP_93,4,CMP,CMP
CMP_94,5,HSC,CMP
CMP_95,7,CMP,CMP
CMP_96,3,CMP,CMP
CMP_97,3,CMP,CMP
CMP_98,4,CMP,CMP
CMP_99,4,CMP,CMP
CMP_100,4,CMP,CMP
CMP_101,3,CMP,CMP
CMP_102,8,MEP,CMP
CMP_103,3,CMP,CMP
CMP_104,4,CMP,CMP
CMP_105,6,GMP,CMP
CMP_106,5,HSC,CMP
CMP_107,6,GMP,CMP
CMP_108,12,MPP,CMP
CMP_109,3,CMP,CMP
CMP_110,3,CMP,CMP
CMP_111,7,CMP,CMP
CMP_112,7,CMP,CMP
CMP_113,4,CMP,CMP
CMP_114,7,CMP,CMP
CMP_115,3,CMP,CMP
CMP_116,7,CMP,CMP
CMP_117,4,CMP,CMP
CMP_118,12,MPP,CMP
CMP_119,7,CMP,CMP
CMP_120,6,GMP,CMP
CMP_121,3,CMP,CMP
CMP_122,6,GMP,CMP
CMP_123,4,CMP,CMP
CMP_124,3,CMP,CMP
CMP_125,6,GMP,CMP
CMP_126,7,CMP,CMP
CMP_127,6,GMP,CMP
CMP_128,12,MPP,CMP
CMP_129,8,MEP,CMP
CMP_130,6,GMP,CMP
CMP_131,7,CMP,CMP
CMP_132,7,CMP,CMP
CMP_133,7,CMP,CMP
CMP_134,3,CMP,CMP
CMP_135,8,MEP,CMP
CMP_136,5,HSC,CMP
CMP_137,3,CMP,CMP
CMP_138,7,CMP,CMP
CMP_139,4,CMP,CMP
CMP_140,3,CMP,CMP
CMP_141,3,CMP,CMP
CMP_142,8,MEP,CMP
CMP_143,7,CMP,CMP
CMP_144,7,CMP,CMP
CMP_145,4,CMP,CMP
CMP_146,3,CMP,CMP
CMP_147,4,CMP,CMP
CMP_148,7,CMP,CMP
CMP_149,8,MEP,CMP
CMP_150,6,GMP,CMP
CMP_151,4,CMP,CMP
CMP_152,4,CMP,CMP
CMP_153,11,MEP,CMP
CMP_154,4,CMP,CMP
CMP_155,3,CMP,CMP
CMP_156,1,HSC,CMP
CMP_157,4,CMP,CMP
CMP_158,4,CMP,CMP
CMP_159,0,GMP,CMP
CMP_160,3,CMP,CMP
CMP_161,4,CMP,CMP
CMP_162,4,CMP,CMP
CMP_163,12,MPP,CMP
CMP_164,7,CMP,CMP
CMP_165,6,GMP,CMP
CMP_166,6,GMP,CMP
CMP_167,12,MPP,CMP
CMP_168,4,CMP,CMP
CMP_169,4,CMP,CMP
CMP_170,7,CMP,CMP
CMP_171,6,GMP,CMP
CMP_172,6,GMP,CMP
CMP_173,3,CMP,CMP
CMP_174,7,CMP,CMP
CMP_175,7,CMP,CMP
CMP_176,6,GMP,CMP
CMP_177,4,CMP,CMP
CMP_178,3,CMP,CMP
CMP_179,7,CMP,CMP
CMP_180,7,CMP,CMP
CMP_181,3,CMP,CMP
CMP_182,7,CMP,CMP
CMP_183,3,CMP,CMP
CMP_184,7,CMP,CMP
CMP_185,6,GMP,CMP
CMP_186,3,CMP,CMP
CMP_188,6,GMP,CMP
CMP_189,8,MEP,CMP
CMP_190,6,GMP,CMP
CMP_191,7,CMP,CMP
CMP_192,3,CMP,CMP
CMP_193,3,CMP,CMP
CMP_194,5,HSC,CMP
CMP_196,3,CMP,CMP
CMP_197,3,CMP,CMP
CMP_198,4,CMP,CMP
CMP_199,4,CMP,CMP
CMP_200,3,CMP,CMP
CMP_201,0,GMP,CMP
CMP_202,4,CMP,CMP
CMP_203,0,GMP,CMP
CMP_204,4,CMP,CMP
CMP_205,4,CMP,CMP
CMP_206,4,CMP,CMP
CMP_207,4,CMP,CMP
CMP_208,5,HSC,CMP
CMP_209,4,CMP,CMP
CMP_210,7,CMP,CMP
CMP_211,4,CMP,CMP
CMP_212,3,CMP,CMP
CMP_213,7,CMP,CMP
CMP_215,3,CMP,CMP
CMP_216,6,GMP,CMP
CMP_217,8,MEP,CMP
CMP_218,7,CMP,CMP
CMP_219,7,CMP,CMP
CMP_221,7,CMP,CMP
CMP_222,4,CMP,CMP
CMP_223,6,GMP,CMP
CMP_224,4,CMP,CMP
CMP_225,7,CMP,CMP
CMP_226,3,CMP,CMP
CMP_227,5,HSC,CMP
CMP_228,4,CMP,CMP
CMP_229,3,CMP,CMP
CMP_230,7,CMP,CMP
CMP_231,4,CMP,CMP
CMP_232,4,CMP,CMP
CMP_233,4,CMP,CMP
CMP_234,6,GMP,CMP
CMP_235,6,GMP,CMP
CMP_236,6,GMP,CMP
CMP_237,4,CMP,CMP
CMP_238,4,CMP,CMP
CMP_240,3,CMP,CMP
CMP_241,3,CMP,CMP
CMP_242,3,CMP,CMP
CMP_243,6,GMP,CMP
CMP_244,5,HSC,CMP
CMP_245,4,CMP,CMP
CMP_246,4,CMP,CMP
CMP_247,6,GMP,CMP
CMP_248,4,CMP,CMP
CMP_249,4,CMP,CMP
CMP_250,6,GMP,CMP
CMP_251,6,GMP,CMP
CMP_252,3,CMP,CMP
CMP_253,8,MEP,CMP
CMP_254,7,CMP,CMP
CMP_255,6,GMP,CMP
CMP_256,4,CMP,CMP
CMP_257,4,CMP,CMP
CMP_258,7,CMP,CMP
CMP_259,6,GMP,CMP
CMP_260,5,HSC,CMP
CMP_261,4,CMP,CMP
CMP_262,4,CMP,CMP
CMP_263,4,CMP,CMP
CMP_264,4,CMP,CMP
CMP_265,3,CMP,CMP
CMP_266,4,CMP,CMP
CMP_267,4,CMP,CMP
CMP_268,3,CMP,CMP
CMP_269,4,CMP,CMP
CMP_270,4,CMP,CMP
CMP_271,5,HSC,CMP
CMP_273,4,CMP,CMP
CMP_274,4,CMP,CMP
CMP_275,4,CMP,CMP
CMP_277,4,CMP,CMP
CMP_278,4,CMP,CMP
CMP_279,4,CMP,CMP
CMP_280,4,CMP,CMP
CMP_281,6,GMP,CMP
CMP_282,7,CMP,CMP
CMP_284,7,CMP,CMP
CMP_285,6,GMP,CMP
CMP_286,4,CMP,CMP
CMP_287,4,CMP,CMP
CMP_288,4,CMP,CMP
CMP_289,6,GMP,CMP
CMP_290,3,CMP,CMP
CMP_291,3,CMP,CMP
CMP_292,7,CMP,CMP
CMP_295,8,MEP,CMP
CMP_296,7,CMP,CMP
CMP_297,6,GMP,CMP
CMP_298,2,HSC,CMP
CMP_299,3,CMP,CMP
CMP_300,3,CMP,CMP
CMP_301,0,GMP,CMP
CMP_302,6,GMP,CMP
CMP_303,3,CMP,CMP
CMP_304,4,CMP,CMP
CMP_305,4,CMP,CMP
CMP_306,5,HSC,CMP
CMP_307,3,CMP,CMP
CMP_308,6,GMP,CMP
CMP_309,3,CMP,CMP
CMP_310,4,CMP,CMP
CMP_311,4,CMP,CMP
CMP_312,6,GMP,CMP
CMP_313,3,CMP,CMP
CMP_314,4,CMP,CMP
CMP_315,4,CMP,CMP
CMP_316,8,MEP,CMP
CMP_317,7,CMP,CMP
CMP_318,6,GMP,CMP
CMP_319,7,CMP,CMP
CMP_320,8,MEP,CMP
CMP_321,7,CMP,CMP
CMP_322,6,GMP,CMP
CMP_323,3,CMP,CMP
CMP_324,4,CMP,CMP
CMP_325,3,CMP,CMP
CMP_326,7,CMP,CMP
CMP_327,4,CMP,CMP
CMP_328,3,CMP,CMP
CMP_329,4,CMP,CMP
CMP_330,6,GMP,CMP
CMP_331,7,CMP,CMP
CMP_332,4,CMP,CMP
CMP_333,3,CMP,CMP
CMP_334,3,CMP,CMP
CMP_335,4,CMP,CMP
CMP_336,6,GMP,CMP
CMP_337,5,HSC,CMP
CMP_338,3,CMP,CMP
CMP_339,5,HSC,CMP
CMP_340,6,GMP,CMP
CMP_341,4,CMP,CMP
CMP_342,6,GMP,CMP
CMP_343,7,CMP,CMP
CMP_344,4,CMP,CMP
CMP_345,4,CMP,CMP
CMP_346,7,CMP,CMP
CMP_347,4,CMP,CMP
CMP_348,3,CMP,CMP
CMP_349,3,CMP,CMP
CMP_350,5,HSC,CMP
CMP_351,3,CMP,CMP
CMP_352,3,CMP,CMP
CMP_353,6,GMP,CMP
CMP_354,3,CMP,CMP
CMP_355,6,GMP,CMP
CMP_356,6,GMP,CMP
CMP_357,4,CMP,CMP
CMP_358,6,GMP,CMP
CMP_359,3,CMP,CMP
CMP_360,5,HSC,CMP
CMP_361,4,CMP,CMP
CMP_362,3,CMP,CMP
CMP_363,3,CMP,CMP
CMP_364,3,CMP,CMP
CMP_365,4,CMP,CMP
CMP_366,3,CMP,CMP
CMP_367,7,CMP,CMP
CMP_368,3,CMP,CMP
CMP_369,5,HSC,CMP
CMP_370,12,MPP,CMP
CMP_371,8,MEP,CMP
CMP_372,6,GMP,CMP
CMP_373,7,CMP,CMP
CMP_374,4,CMP,CMP
CMP_375,4,CMP,CMP
CMP_376,4,CMP,CMP
CMP_377,6,GMP,CMP
CMP_378,4,CMP,CMP
CMP_379,3,CMP,CMP
CMP_381,4,CMP,CMP
CMP_382,3,CMP,CMP
CMP_383,4,CMP,CMP
CMP_384,6,GMP,CMP
CMP_386,8,MEP,CMP
CMP_387,0,GMP,CMP
CMP_388,3,CMP,CMP
CMP_389,6,GMP,CMP
CMP_390,0,GMP,CMP
CMP_391,0,GMP,CMP
CMP_392,6,GMP,CMP
CMP_393,3,CMP,CMP
CMP_394,3,CMP,CMP
CMP_395,8,MEP,CMP
CMP_396,6,GMP,CMP
CMP_397,0,GMP,CMP
CMP_398,6,GMP,CMP
CMP_399,4,CMP,CMP
CMP_400,8,MEP,CMP
CMP_401,6,GMP,CMP
CMP_402,7,CMP,CMP
CMP_403,3,CMP,CMP
CMP_404,3,CMP,CMP
CMP_405,6,GMP,CMP
CMP_406,4,CMP,CMP
CMP_407,3,CMP,CMP
CMP_408,6,GMP,CMP
CMP_409,8,MEP,CMP
CMP_410,5,HSC,CMP
CMP_411,4,CMP,CMP
CMP_412,4,CMP,CMP
CMP_413,6,GMP,CMP
CMP_414,3,CMP,CMP
CMP_415,6,GMP,CMP
CMP_416,5,HSC,CMP
CMP_417,4,CMP,CMP
CMP_418,6,GMP,CMP
CMP_419,4,CMP,CMP
CMP_420,5,HSC,CMP
CMP_421,6,GMP,CMP
CMP_422,6,GMP,CMP
CMP_423,4,CMP,CMP
CMP_424,3,CMP,CMP
CMP_425,3,CMP,CMP
CMP_426,6,GMP,CMP
CMP_427,6,GMP,CMP
CMP_428,4,CMP,CMP
CMP_429,6,GMP,CMP
CMP_430,8,MEP,CMP
CMP_431,6,GMP,CMP
CMP_432,3,CMP,CMP
CMP_433,4,CMP,CMP
CMP_434,0,GMP,CMP
CMP_435,4,CMP,CMP
CMP_436,6,GMP,CMP
CMP_437,6,GMP,CMP
CMP_438,8,MEP,CMP
CMP_439,3,CMP,CMP
CMP_440,4,CMP,CMP
CMP_441,4,CMP,CMP
CMP_442,3,CMP,CMP
CMP_443,6,GMP,CMP
CMP_444,4,CMP,CMP
CMP_445,8,MEP,CMP
CMP_446,5,HSC,CMP
CMP_447,3,CMP,CMP
CMP_448,6,GMP,CMP
CMP_449,6,GMP,CMP
CMP_450,6,GMP,CMP
CMP_451,6,GMP,CMP
CMP_452,3,CMP,CMP
CMP_453,6,GMP,CMP
CMP_454,5,HSC,CMP
CMP_455,6,GMP,CMP
CMP_456,3,CMP,CMP
CMP_457,6,GMP,CMP
CMP_458,6,GMP,CMP
CMP_459,6,GMP,CMP
CMP_460,3,CMP,CMP
CMP_461,3,CMP,CMP
CMP_462,6,GMP,CMP
CMP_463,6,GMP,CMP
CMP_464,6,GMP,CMP
CMP_465,3,CMP,CMP
CMP_466,4,CMP,CMP
CMP_467,6,GMP,CMP
CMP_468,8,MEP,CMP
CMP_469,6,GMP,CMP
CMP_470,6,GMP,CMP
CMP_471,6,GMP,CMP
CMP_472,3,CMP,CMP
CMP_473,3,CMP,CMP
CMP_474,3,CMP,CMP
CMP_475,4,CMP,CMP
CMP_476,4,CMP,CMP
CMP_477,7,CMP,CMP
CMP_478,5,HSC,CMP
CMP_479,3,CMP,CMP
CMP_480,4,CMP,CMP
CMP_481,3,CMP,CMP
CMP_482,4,CMP,CMP
CMP_483,0,GMP,CMP
CMP_484,7,CMP,CMP
CMP_485,3,CMP,CMP
CMP_486,3,CMP,CMP
CMP_489,6,GMP,CMP
CMP_491,4,CMP,CMP
CMP_493,4,CMP,CMP
CMP_496,4,CMP,CMP
CMP_497,7,CMP,CMP
CMP_498,3,CMP,CMP
CMP_499,12,MPP,CMP
CMP_501,6,GMP,CMP
CMP_502,3,CMP,CMP
CMP_503,3,CMP,CMP
CMP_505,3,CMP,CMP
CMP_506,4,CMP,CMP
CMP_507,6,GMP,CMP
CMP_508,12,MPP,CMP
CMP_509,3,CMP,CMP
CMP_510,12,MPP,CMP
CMP_511,12,MPP,CMP
CMP_512,5,HSC,CMP
CMP_513,12,MPP,CMP
CMP_514,12,MPP,CMP
CMP_515,12,MPP,CMP
CMP_516,0,GMP,CMP
CMP_517,12,MPP,CMP
CMP_518,12,MPP,CMP
CMP_519,3,CMP,CMP
CMP_520,12,MPP,CMP
CMP_521,4,CMP,CMP
CMP_522,7,CMP,CMP
CMP_523,3,CMP,CMP
CMP_524,7,CMP,CMP
CMP_525,4,CMP,CMP
CMP_526,4,CMP,CMP
CMP_527,4,CMP,CMP
CMP_528,3,CMP,CMP
CMP_529,7,CMP,CMP
CMP_530,3,CMP,CMP
CMP_531,3,CMP,CMP
CMP_532,4,CMP,CMP
CMP_533,3,CMP,CMP
CMP_534,3,CMP,CMP
CMP_535,6,GMP,CMP
CMP_536,6,GMP,CMP
CMP_537,4,CMP,CMP
CMP_538,4,CMP,CMP
CMP_539,3,CMP,CMP
CMP_540,3,CMP,CMP
CMP_541,4,CMP,CMP
CMP_542,4,CMP,CMP
CMP_543,4,CMP,CMP
CMP_544,4,CMP,CMP
CMP_545,3,CMP,CMP
CMP_546,4,CMP,CMP
CMP_547,4,CMP,CMP
CMP_548,4,CMP,CMP
CMP_549,4,CMP,CMP
CMP_550,12,MPP,CMP
CMP_551,3,CMP,CMP
CMP_552,4,CMP,CMP
CMP_553,4,CMP,CMP
CMP_554,12,MPP,CMP
CMP_555,4,CMP,CMP
CMP_556,5,HSC,CMP
CMP_557,4,CMP,CMP
CMP_558,8,MEP,CMP
CMP_559,4,CMP,CMP
CMP_560,5,HSC,CMP
CMP_561,0,GMP,CMP
CMP_562,3,CMP,CMP
CMP_563,6,GMP,CMP
CMP_564,4,CMP,CMP
CMP_565,4,CMP,CMP
CMP_566,4,CMP,CMP
CMP_567,4,CMP,CMP
CMP_568,3,CMP,CMP
CMP_569,12,MPP,CMP
CMP_570,4,CMP,CMP
CMP_571,4,CMP,CMP
CMP_572,3,CMP,CMP
CMP_573,7,CMP,CMP
CMP_574,4,CMP,CMP
CMP_575,4,CMP,CMP
CMP_576,7,CMP,CMP
CMP_577,7,CMP,CMP
CMP_578,1,HSC,CMP
CMP_579,7,CMP,CMP
CMP_580,7,CMP,CMP
CMP_581,1,HSC,CMP
CMP_582,7,CMP,CMP
CMP_583,7,CMP,CMP
CMP_584,7,CMP,CMP
CMP_585,11,MEP,CMP
CMP_586,1,HSC,CMP
CMP_587,1,HSC,CMP
CMP_588,7,CMP,CMP
CMP_589,7,CMP,CMP
CMP_590,7,CMP,CMP
CMP_593,1,HSC,CMP
CMP_594,7,CMP,CMP
CMP_595,7,CMP,CMP
CMP_596,11,MEP,CMP
CMP_597,7,CMP,CMP
CMP_598,7,CMP,CMP
CMP_599,12,MPP,CMP
CMP_600,8,MEP,CMP
CMP_601,1,HSC,CMP
CMP_602,7,CMP,CMP
CMP_603,6,GMP,CMP
CMP_605,7,CMP,CMP
CMP_606,3,CMP,CMP
CMP_607,1,HSC,CMP
CMP_608,7,CMP,CMP
CMP_609,7,CMP,CMP
CMP_610,7,CMP,CMP
CMP_611,1,HSC,CMP
CMP_612,3,CMP,CMP
CMP_613,7,CMP,CMP
CMP_614,7,CMP,CMP
CMP_615,4,CMP,CMP
CMP_616,3,CMP,CMP
CMP_617,4,CMP,CMP
CMP_618,7,CMP,CMP
CMP_619,7,CMP,CMP
CMP_620,7,CMP,CMP
CMP_621,1,HSC,CMP
CMP_622,7,CMP,CMP
CMP_623,1,HSC,CMP
CMP_624,6,GMP,CMP
CMP_625,7,CMP,CMP
CMP_626,7,CMP,CMP
CMP_627,3,CMP,CMP
CMP_628,1,HSC,CMP
CMP_629,8,MEP,CMP
CMP_630,7,CMP,CMP
CMP_631,3,CMP,CMP
CMP_632,7,CMP,CMP
CMP_633,3,CMP,CMP
CMP_634,3,CMP,CMP
CMP_635,7,CMP,CMP
CMP_636,3,CMP,CMP
CMP_637,8,MEP,CMP
CMP_638,7,CMP,CMP
CMP_639,7,CMP,CMP
CMP_640,7,CMP,CMP
CMP_641,7,CMP,CMP
CMP_642,12,MPP,CMP
CMP_643,4,CMP,CMP
CMP_644,12,MPP,CMP
CMP_645,7,CMP,CMP
CMP_646,7,CMP,CMP
CMP_647,1,HSC,CMP
CMP_648,7,CMP,CMP
CMP_649,3,CMP,CMP
CMP_650,7,CMP,CMP
CMP_651,3,CMP,CMP
CMP_652,3,CMP,CMP
CMP_653,8,MEP,CMP
CMP_654,12,MPP,CMP
CMP_655,3,CMP,CMP
CMP_656,3,CMP,CMP
CMP_657,7,CMP,CMP
CMP_658,7,CMP,CMP
CMP_659,1,HSC,CMP
CMP_660,1,HSC,CMP
CMP_661,3,CMP,CMP
CMP_662,1,HSC,CMP
CMP_663,7,CMP,CMP
CMP_664,6,GMP,CMP
CMP_665,8,MEP,CMP
CMP_666,3,CMP,CMP
CMP_667,0,GMP,CMP
CMP_669,7,CMP,CMP
CMP_670,7,CMP,CMP
CMP_671,7,CMP,CMP
HSC_0,5,HSC,HSC
HSC_1,2,HSC,HSC
HSC_2,5,HSC,HSC
HSC_3,2,HSC,HSC
HSC_4,2,HSC,HSC
HSC_5,2,HSC,HSC
HSC_6,2,HSC,HSC
HSC_7,5,HSC,HSC
HSC_8,5,HSC,HSC
HSC_9,2,HSC,HSC
HSC_10,2,HSC,HSC
HSC_11,5,HSC,HSC
HSC_12,2,HSC,HSC
HSC_13,5,HSC,HSC
HSC_14,5,HSC,HSC
HSC_15,2,HSC,HSC
HSC_16,5,HSC,HSC
HSC_17,12,MPP,HSC
HSC_18,5,HSC,HSC
HSC_19,2,HSC,HSC
HSC_20,2,HSC,HSC
HSC_21,5,HSC,HSC
HSC_22,2,HSC,HSC
HSC_23,5,HSC,HSC
HSC_24,2,HSC,HSC
HSC_25,2,HSC,HSC
HSC_26,5,HSC,HSC
HSC_27,2,HSC,HSC
HSC_28,2,HSC,HSC
HSC_30,5,HSC,HSC
HSC_31,2,HSC,HSC
HSC_32,5,HSC,HSC
HSC_33,5,HSC,HSC
HSC_34,2,HSC,HSC
HSC_35,5,HSC,HSC
HSC_36,5,HSC,HSC
HSC_37,2,HSC,HSC
HSC_38,2,HSC,HSC
HSC_39,5,HSC,HSC
HSC_40,12,MPP,HSC
HSC_41,5,HSC,HSC
HSC_42,2,HSC,HSC
HSC_43,2,HSC,HSC
HSC_44,1,HSC,HSC
HSC_45,5,HSC,HSC
HSC_46,2,HSC,HSC
HSC_47,5,HSC,HSC
HSC_48,2,HSC,HSC
HSC_49,2,HSC,HSC
HSC_50,5,HSC,HSC
HSC_51,2,HSC,HSC
HSC_52,2,HSC,HSC
HSC_53,5,HSC,HSC
HSC_54,2,HSC,HSC
HSC_55,5,HSC,HSC
HSC_56,2,HSC,HSC
HSC_57,2,HSC,HSC
HSC_58,2,HSC,HSC
HSC_59,2,HSC,HSC
HSC_60,12,MPP,HSC
HSC_61,2,HSC,HSC
HSC_62,5,HSC,HSC
HSC_63,5,HSC,HSC
HSC_64,5,HSC,HSC
HSC_65,2,HSC,HSC
HSC_66,2,HSC,HSC
HSC_67,2,HSC,HSC
HSC_68,2,HSC,HSC
HSC_69,12,MPP,HSC
HSC_70,2,HSC,HSC
HSC_71,2,HSC,HSC
HSC_72,5,HSC,HSC
HSC_73,2,HSC,HSC
HSC_74,5,HSC,HSC
HSC_75,12,MPP,HSC
HSC_76,5,HSC,HSC
HSC_77,5,HSC,HSC
HSC_78,2,HSC,HSC
HSC_79,2,HSC,HSC
HSC_80,2,HSC,HSC
HSC_81,2,HSC,HSC
HSC_82,2,HSC,HSC
HSC_83,5,HSC,HSC
HSC_84,2,HSC,HSC
HSC_86,5,HSC,HSC
HSC_87,6,GMP,HSC
HSC_88,5,HSC,HSC
HSC_89,5,HSC,HSC
HSC_90,2,HSC,HSC
HSC_91,5,HSC,HSC
HSC_93,12,MPP,HSC
HSC_94,2,HSC,HSC
HSC_95,12,MPP,HSC
HSC_96,5,HSC,HSC
HSC_97,5,HSC,HSC
HSC_98,5,HSC,HSC
HSC_99,5,HSC,HSC
HSC_100,5,HSC,HSC
HSC_101,5,HSC,HSC
HSC_102,2,HSC,HSC
HSC_103,5,HSC,HSC
HSC_104,5,HSC,HSC
HSC_105,2,HSC,HSC
HSC_106,2,HSC,HSC
HSC_107,5,HSC,HSC
HSC_109,2,HSC,HSC
HSC_113,2,HSC,HSC
HSC_115,5,HSC,HSC
HSC_117,5,HSC,HSC
HSC_118,2,HSC,HSC
HSC_120,2,HSC,HSC
HSC_121,5,HSC,HSC
HSC_122,2,HSC,HSC
HSC_123,2,HSC,HSC
HSC_124,2,HSC,HSC
HSC_125,2,HSC,HSC
HSC_126,12,MPP,HSC
HSC_127,2,HSC,HSC
HSC_128,2,HSC,HSC
HSC_129,2,HSC,HSC
HSC_130,2,HSC,HSC
HSC_131,2,HSC,HSC
HSC_132,5,HSC,HSC
HSC_133,2,HSC,HSC
HSC_134,2,HSC,HSC
HSC_135,2,HSC,HSC
HSC_136,2,HSC,HSC
HSC_137,5,HSC,HSC
HSC_138,2,HSC,HSC
HSC_139,5,HSC,HSC
HSC_140,5,HSC,HSC
HSC_141,2,HSC,HSC
HSC_142,5,HSC,HSC
HSC_144,2,HSC,HSC
HSC_145,12,MPP,HSC
HSC_146,1,HSC,HSC
HSC_147,2,HSC,HSC
HSC_148,5,HSC,HSC
HSC_149,5,HSC,HSC
HSC_150,2,HSC,HSC
HSC_151,5,HSC,HSC
HSC_152,5,HSC,HSC
HSC_153,2,HSC,HSC
HSC_154,5,HSC,HSC
HSC_155,2,HSC,HSC
HSC_156,7,CMP,HSC
HSC_157,2,HSC,HSC
HSC_158,2,HSC,HSC
HSC_159,5,HSC,HSC
HSC_160,3,CMP,HSC
HSC_161,5,HSC,HSC
HSC_162,5,HSC,HSC
HSC_163,5,HSC,HSC
HSC_164,5,HSC,HSC
HSC_165,5,HSC,HSC
HSC_166,2,HSC,HSC
HSC_167,2,HSC,HSC
HSC_168,5,HSC,HSC
HSC_169,2,HSC,HSC
HSC_170,2,HSC,HSC
HSC_171,2,HSC,HSC
HSC_172,2,HSC,HSC
HSC_173,5,HSC,HSC
HSC_174,2,HSC,HSC
HSC_175,12,MPP,HSC
HSC_176,5,HSC,HSC
HSC_177,2,HSC,HSC
HSC_178,2,HSC,HSC
HSC_179,2,HSC,HSC
HSC_180,2,HSC,HSC
HSC_181,2,HSC,HSC
HSC_182,2,HSC,HSC
HSC_183,2,HSC,HSC
HSC_184,12,MPP,HSC
HSC_185,5,HSC,HSC
HSC_186,5,HSC,HSC
HSC_187,5,HSC,HSC
HSC_188,12,MPP,HSC
HSC_189,5,HSC,HSC
HSC_190,12,MPP,HSC
HSC_191,2,HSC,HSC
HSC_193,5,HSC,HSC
HSC_194,2,HSC,HSC
HSC_195,5,HSC,HSC
HSC_197,5,HSC,HSC
HSC_200,2,HSC,HSC
HSC_201,2,HSC,HSC
HSC_202,2,HSC,HSC
HSC_203,2,HSC,HSC
HSC_207,2,HSC,HSC
HSC_208,2,HSC,HSC
HSC_209,2,HSC,HSC
HSC_210,2,HSC,HSC
HSC_214,5,HSC,HSC
HSC_215,5,HSC,HSC
HSC_216,5,HSC,HSC
HSC_217,2,HSC,HSC
HSC_218,5,HSC,HSC
HSC_219,5,HSC,HSC
HSC_220,5,HSC,HSC
HSC_221,2,HSC,HSC
HSC_222,2,HSC,HSC
HSC_223,2,HSC,HSC
HSC_224,5,HSC,HSC
HSC_225,5,HSC,HSC
HSC_226,5,HSC,HSC
HSC_227,5,HSC,HSC
HSC_228,2,HSC,HSC
HSC_230,5,HSC,HSC
HSC_231,5,HSC,HSC
HSC_232,5,HSC,HSC
HSC_233,2,HSC,HSC
HSC_234,2,HSC,HSC
HSC_235,2,HSC,HSC
HSC_236,2,HSC,HSC
HSC_237,2,HSC,HSC
HSC_238,5,HSC,HSC
HSC_239,2,HSC,HSC
HSC_240,5,HSC,HSC
HSC_241,5,HSC,HSC
HSC_242,5,HSC,HSC
HSC_243,5,HSC,HSC
HSC_244,2,HSC,HSC
HSC_245,7,CMP,HSC
HSC_246,2,HSC,HSC
HSC_247,5,HSC,HSC
HSC_248,2,HSC,HSC
HSC_249,2,HSC,HSC
HSC_251,2,HSC,HSC
HSC_252,5,HSC,HSC
HSC_253,7,CMP,HSC
HSC_254,2,HSC,HSC
HSC_255,2,HSC,HSC
HSC_256,2,HSC,HSC
HSC_257,5,HSC,HSC
HSC_258,5,HSC,HSC
HSC_259,2,HSC,HSC
HSC_260,2,HSC,HSC
HSC_261,5,HSC,HSC
HSC_262,2,HSC,HSC
HSC_263,5,HSC,HSC
HSC_264,5,HSC,HSC
HSC_265,5,HSC,HSC
HSC_266,5,HSC,HSC
HSC_267,5,HSC,HSC
HSC_268,2,HSC,HSC
HSC_269,2,HSC,HSC
HSC_270,5,HSC,HSC
HSC_271,2,HSC,HSC
HSC_272,2,HSC,HSC
HSC_273,2,HSC,HSC
HSC_275,2,HSC,HSC
HSC_276,2,HSC,HSC
HSC_277,2,HSC,HSC
HSC_278,2,HSC,HSC
HSC_279,5,HSC,HSC
HSC_280,5,HSC,HSC
HSC_281,12,MPP,HSC
HSC_282,2,HSC,HSC
HSC_283,2,HSC,HSC
HSC_285,2,HSC,HSC
HSC_286,5,HSC,HSC
HSC_288,1,HSC,HSC
HSC_289,1,HSC,HSC
HSC_290,1,HSC,HSC
HSC_291,1,HSC,HSC
HSC_292,1,HSC,HSC
HSC_293,1,HSC,HSC
HSC_294,1,HSC,HSC
HSC_297,1,HSC,HSC
HSC_298,1,HSC,HSC
HSC_299,1,HSC,HSC
HSC_300,1,HSC,HSC
HSC_301,1,HSC,HSC
HSC_302,1,HSC,HSC
HSC_303,1,HSC,HSC
HSC_304,1,HSC,HSC
HSC_305,1,HSC,HSC
HSC_306,2,HSC,HSC
HSC_307,1,HSC,HSC
HSC_308,7,CMP,HSC
HSC_309,1,HSC,HSC
HSC_310,1,HSC,HSC
HSC_311,1,HSC,HSC
HSC_312,1,HSC,HSC
HSC_313,1,HSC,HSC
HSC_315,1,HSC,HSC
HSC_316,7,CMP,HSC
HSC_317,1,HSC,HSC
HSC_318,1,HSC,HSC
HSC_319,1,HSC,HSC
HSC_320,1,HSC,HSC
HSC_321,1,HSC,HSC
HSC_322,12,MPP,HSC
HSC_323,1,HSC,HSC
HSC_324,1,HSC,HSC
HSC_325,1,HSC,HSC
HSC_326,1,HSC,HSC
HSC_327,1,HSC,HSC
HSC_328,7,CMP,HSC
HSC_329,1,HSC,HSC
HSC_330,1,HSC,HSC
HSC_331,1,HSC,HSC
HSC_332,1,HSC,HSC
HSC_333,1,HSC,HSC
HSC_334,1,HSC,HSC
HSC_335,1,HSC,HSC
HSC_336,1,HSC,HSC
HSC_337,1,HSC,HSC
HSC_338,1,HSC,HSC
HSC_339,1,HSC,HSC
HSC_340,1,HSC,HSC
HSC_342,1,HSC,HSC
HSC_343,1,HSC,HSC
HSC_344,1,HSC,HSC
HSC_345,1,HSC,HSC
HSC_346,1,HSC,HSC
HSC_347,1,HSC,HSC
HSC_348,1,HSC,HSC
HSC_350,1,HSC,HSC
HSC_351,1,HSC,HSC
HSC_352,1,HSC,HSC
HSC_353,1,HSC,HSC
HSC_354,1,HSC,HSC
HSC_355,1,HSC,HSC
HSC_357,1,HSC,HSC
HSC_358,1,HSC,HSC
HSC_359,1,HSC,HSC
HSC_360,1,HSC,HSC
HSC_361,1,HSC,HSC
HSC_363,9,LMPP,HSC
HSC_364,1,HSC,HSC
HSC_366,1,HSC,HSC
HSC_367,1,HSC,HSC
HSC_368,1,HSC,HSC
HSC_369,1,HSC,HSC
HSC_370,1,HSC,HSC
HSC_372,1,HSC,HSC
HSC_373,1,HSC,HSC
HSC_374,1,HSC,HSC
HSC_375,1,HSC,HSC
HSC_376,1,HSC,HSC
HSC_377,1,HSC,HSC
HSC_379,1,HSC,HSC
HSC_380,1,HSC,HSC
HSC_381,1,HSC,HSC
HSC_382,1,HSC,HSC
HSC_383,1,HSC,HSC
HSC_385,1,HSC,HSC
HSC_398,1,HSC,HSC
HSC_403,1,HSC,HSC
HSC_408,9,LMPP,HSC
HSC_409,9,LMPP,HSC
HSC_414,1,HSC,HSC
HSC_415,9,LMPP,HSC
HSC_416,9,LMPP,HSC
HSC_419,1,HSC,HSC
HSC_420,1,HSC,HSC
HSC_421,1,HSC,HSC
HSC_422,1,HSC,HSC
HSC_426,1,HSC,HSC
HSC_427,1,HSC,HSC
HSC_428,1,HSC,HSC
HSC_430,1,HSC,HSC
HSC_431,1,HSC,HSC
HSC_432,1,HSC,HSC
HSC_433,1,HSC,HSC
HSC_434,1,HSC,HSC
HSC_435,1,HSC,HSC
HSC_436,1,HSC,HSC
HSC_437,1,HSC,HSC
HSC_438,1,HSC,HSC
HSC_439,1,HSC,HSC
HSC_440,1,HSC,HSC
HSC_441,1,HSC,HSC
HSC_442,1,HSC,HSC
HSC_443,1,HSC,HSC
HSC_444,1,HSC,HSC
HSC_445,1,HSC,HSC
HSC_447,1,HSC,HSC
HSC_448,1,HSC,HSC
HSC_449,1,HSC,HSC
HSC_450,12,MPP,HSC
HSC_451,1,HSC,HSC
HSC_452,1,HSC,HSC
HSC_453,1,HSC,HSC
HSC_454,1,HSC,HSC
HSC_455,1,HSC,HSC
HSC_456,7,CMP,HSC
HSC_457,1,HSC,HSC
HSC_458,1,HSC,HSC
HSC_459,1,HSC,HSC
HSC_460,1,HSC,HSC
HSC_464,1,HSC,HSC
HSC_465,1,HSC,HSC
HSC_466,1,HSC,HSC
HSC_467,1,HSC,HSC
HSC_468,1,HSC,HSC
HSC_469,1,HSC,HSC
HSC_470,1,HSC,HSC
HSC_471,1,HSC,HSC
HSC_472,1,HSC,HSC
HSC_473,1,HSC,HSC
HSC_474,1,HSC,HSC
HSC_475,1,HSC,HSC
HSC_476,1,HSC,HSC
HSC_478,1,HSC,HSC
HSC_479,1,HSC,HSC
GMP_0,0,GMP,GMP
GMP_1,0,GMP,GMP
GMP_3,0,GMP,GMP
GMP_4,0,GMP,GMP
GMP_6,9,LMPP,GMP
GMP_7,0,GMP,GMP
GMP_8,0,GMP,GMP
GMP_9,0,GMP,GMP
GMP_10,0,GMP,GMP
GMP_11,0,GMP,GMP
GMP_13,9,LMPP,GMP
GMP_14,0,GMP,GMP
GMP_15,0,GMP,GMP
GMP_16,0,GMP,GMP
GMP_19,0,GMP,GMP
GMP_20,0,GMP,GMP
GMP_21,0,GMP,GMP
GMP_22,0,GMP,GMP
GMP_23,0,GMP,GMP
GMP_24,10,CLP,GMP
GMP_25,0,GMP,GMP
GMP_26,0,GMP,GMP
GMP_28,0,GMP,GMP
GMP_30,0,GMP,GMP
GMP_31,0,GMP,GMP
GMP_32,0,GMP,GMP
GMP_36,0,GMP,GMP
GMP_37,9,LMPP,GMP
GMP_38,0,GMP,GMP
GMP_39,0,GMP,GMP
GMP_40,9,LMPP,GMP
GMP_42,0,GMP,GMP
GMP_43,0,GMP,GMP
GMP_44,0,GMP,GMP
GMP_45,0,GMP,GMP
GMP_46,9,LMPP,GMP
GMP_47,0,GMP,GMP
GMP_48,0,GMP,GMP
GMP_49,0,GMP,GMP
GMP_50,0,GMP,GMP
GMP_51,0,GMP,GMP
GMP_52,0,GMP,GMP
GMP_54,0,GMP,GMP
GMP_55,0,GMP,GMP
GMP_56,0,GMP,GMP
GMP_57,0,GMP,GMP
GMP_58,0,GMP,GMP
GMP_59,0,GMP,GMP
GMP_60,9,LMPP,GMP
GMP_61,0,GMP,GMP
GMP_62,0,GMP,GMP
GMP_66,0,GMP,GMP
GMP_67,0,GMP,GMP
GMP_68,0,GMP,GMP
GMP_69,0,GMP,GMP
GMP_70,0,GMP,GMP
GMP_71,0,GMP,GMP
GMP_72,0,GMP,GMP
GMP_73,0,GMP,GMP
GMP_74,0,GMP,GMP
GMP_75,0,GMP,GMP
GMP_76,0,GMP,GMP
GMP_78,0,GMP,GMP
GMP_79,0,GMP,GMP
GMP_80,0,GMP,GMP
GMP_82,9,LMPP,GMP
GMP_83,0,GMP,GMP
GMP_84,0,GMP,GMP
GMP_85,0,GMP,GMP
GMP_86,0,GMP,GMP
GMP_87,0,GMP,GMP
GMP_88,0,GMP,GMP
GMP_90,0,GMP,GMP
GMP_91,9,LMPP,GMP
GMP_92,0,GMP,GMP
GMP_93,9,LMPP,GMP
GMP_94,0,GMP,GMP
GMP_95,0,GMP,GMP
GMP_96,10,CLP,GMP
GMP_97,0,GMP,GMP
GMP_98,0,GMP,GMP
GMP_99,9,LMPP,GMP
GMP_100,0,GMP,GMP
GMP_102,9,LMPP,GMP
GMP_103,0,GMP,GMP
GMP_105,6,GMP,GMP
GMP_106,9,LMPP,GMP
GMP_107,0,GMP,GMP
GMP_108,9,LMPP,GMP
GMP_109,0,GMP,GMP
GMP_110,6,GMP,GMP
GMP_111,9,LMPP,GMP
GMP_112,0,GMP,GMP
GMP_113,0,GMP,GMP
GMP_115,9,LMPP,GMP
GMP_116,0,GMP,GMP
GMP_117,0,GMP,GMP
GMP_118,9,LMPP,GMP
GMP_119,0,GMP,GMP
GMP_120,0,GMP,GMP
GMP_121,9,LMPP,GMP
GMP_122,9,LMPP,GMP
GMP_123,10,CLP,GMP
GMP_124,0,GMP,GMP
GMP_125,0,GMP,GMP
GMP_126,6,GMP,GMP
GMP_127,6,GMP,GMP
GMP_128,10,CLP,GMP
GMP_130,0,GMP,GMP
GMP_131,0,GMP,GMP
GMP_133,10,CLP,GMP
GMP_134,9,LMPP,GMP
GMP_135,9,LMPP,GMP
GMP_137,9,LMPP,GMP
GMP_138,0,GMP,GMP
GMP_139,0,GMP,GMP
GMP_140,0,GMP,GMP
GMP_141,9,LMPP,GMP
GMP_142,0,GMP,GMP
GMP_143,0,GMP,GMP
GMP_144,0,GMP,GMP
GMP_145,0,GMP,GMP
GMP_146,9,LMPP,GMP
GMP_147,9,LMPP,GMP
GMP_149,0,GMP,GMP
GMP_150,0,GMP,GMP
GMP_151,0,GMP,GMP
GMP_153,0,GMP,GMP
GMP_154,0,GMP,GMP
GMP_155,0,GMP,GMP
GMP_156,6,GMP,GMP
GMP_157,9,LMPP,GMP
GMP_158,6,GMP,GMP
GMP_159,0,GMP,GMP
GMP_161,0,GMP,GMP
GMP_162,9,LMPP,GMP
GMP_163,0,GMP,GMP
GMP_165,0,GMP,GMP
GMP_166,9,LMPP,GMP
GMP_167,0,GMP,GMP
GMP_168,0,GMP,GMP
GMP_169,0,GMP,GMP
GMP_171,0,GMP,GMP
GMP_172,0,GMP,GMP
GMP_173,0,GMP,GMP
GMP_175,9,LMPP,GMP
GMP_176,9,LMPP,GMP
GMP_178,0,GMP,GMP
GMP_180,0,GMP,GMP
GMP_181,0,GMP,GMP
GMP_182,9,LMPP,GMP
GMP_183,0,GMP,GMP
GMP_184,0,GMP,GMP
GMP_187,10,CLP,GMP
GMP_188,0,GMP,GMP
GMP_189,0,GMP,GMP
GMP_190,0,GMP,GMP
GMP_191,10,CLP,GMP
GMP_192,0,GMP,GMP
GMP_193,0,GMP,GMP
GMP_194,0,GMP,GMP
GMP_195,0,GMP,GMP
GMP_196,0,GMP,GMP
GMP_197,0,GMP,GMP
GMP_198,0,GMP,GMP
GMP_199,0,GMP,GMP
GMP_200,0,GMP,GMP
GMP_201,0,GMP,GMP
GMP_202,0,GMP,GMP
GMP_203,0,GMP,GMP
GMP_204,0,GMP,GMP
GMP_205,0,GMP,GMP
GMP_206,0,GMP,GMP
GMP_207,0,GMP,GMP
GMP_208,0,GMP,GMP
GMP_209,0,GMP,GMP
GMP_210,8,MEP,GMP
GMP_211,0,GMP,GMP
GMP_212,0,GMP,GMP
GMP_213,0,GMP,GMP
GMP_214,6,GMP,GMP
GMP_215,0,GMP,GMP
GMP_216,0,GMP,GMP
GMP_217,9,LMPP,GMP
GMP_218,0,GMP,GMP
GMP_219,0,GMP,GMP
GMP_220,0,GMP,GMP
GMP_221,0,GMP,GMP
GMP_222,0,GMP,GMP
GMP_223,0,GMP,GMP
GMP_224,0,GMP,GMP
GMP_225,0,GMP,GMP
GMP_226,0,GMP,GMP
GMP_227,0,GMP,GMP
GMP_228,0,GMP,GMP
GMP_229,0,GMP,GMP
GMP_230,6,GMP,GMP
GMP_231,0,GMP,GMP
GMP_232,0,GMP,GMP
GMP_233,0,GMP,GMP
GMP_234,0,GMP,GMP
GMP_235,0,GMP,GMP
GMP_236,6,GMP,GMP
GMP_237,0,GMP,GMP
GMP_238,0,GMP,GMP
GMP_239,0,GMP,GMP
GMP_240,0,GMP,GMP
GMP_241,0,GMP,GMP
GMP_242,6,GMP,GMP
GMP_243,0,GMP,GMP
GMP_244,0,GMP,GMP
GMP_245,0,GMP,GMP
GMP_246,0,GMP,GMP
GMP_247,0,GMP,GMP
GMP_248,0,GMP,GMP
GMP_249,0,GMP,GMP
GMP_250,0,GMP,GMP
GMP_251,0,GMP,GMP
GMP_252,0,GMP,GMP
GMP_253,0,GMP,GMP
GMP_254,6,GMP,GMP
GMP_255,0,GMP,GMP
GMP_256,0,GMP,GMP
GMP_257,9,LMPP,GMP
GMP_258,0,GMP,GMP
GMP_259,0,GMP,GMP
GMP_260,0,GMP,GMP
GMP_261,0,GMP,GMP
GMP_262,6,GMP,GMP
GMP_263,0,GMP,GMP
GMP_264,0,GMP,GMP
GMP_265,0,GMP,GMP
GMP_266,0,GMP,GMP
GMP_267,0,GMP,GMP
GMP_268,0,GMP,GMP
GMP_269,0,GMP,GMP
GMP_270,0,GMP,GMP
GMP_271,0,GMP,GMP
GMP_272,0,GMP,GMP
GMP_273,0,GMP,GMP
GMP_274,0,GMP,GMP
GMP_275,9,LMPP,GMP
GMP_276,0,GMP,GMP
GMP_277,0,GMP,GMP
GMP_278,0,GMP,GMP
GMP_279,0,GMP,GMP
GMP_280,0,GMP,GMP
GMP_281,0,GMP,GMP
GMP_282,0,GMP,GMP
GMP_283,0,GMP,GMP
GMP_284,0,GMP,GMP
GMP_286,0,GMP,GMP
GMP_287,0,GMP,GMP
MEP_0,8,MEP,MEP
MEP_1,8,MEP,MEP
MEP_2,8,MEP,MEP
MEP_3,8,MEP,MEP
MEP_4,8,MEP,MEP
MEP_5,8,MEP,MEP
MEP_6,8,MEP,MEP
MEP_8,8,MEP,MEP
MEP_9,8,MEP,MEP
MEP_10,8,MEP,MEP
MEP_11,8,MEP,MEP
MEP_12,8,MEP,MEP
MEP_13,8,MEP,MEP
MEP_14,8,MEP,MEP
MEP_15,8,MEP,MEP
MEP_16,8,MEP,MEP
MEP_17,8,MEP,MEP
MEP_18,8,MEP,MEP
MEP_19,8,MEP,MEP
MEP_20,8,MEP,MEP
MEP_21,8,MEP,MEP
MEP_22,8,MEP,MEP
MEP_23,8,MEP,MEP
MEP_25,8,MEP,MEP
MEP_26,8,MEP,MEP
MEP_27,8,MEP,MEP
MEP_28,8,MEP,MEP
MEP_29,8,MEP,MEP
MEP_30,8,MEP,MEP
MEP_31,8,MEP,MEP
MEP_32,4,CMP,MEP
MEP_33,8,MEP,MEP
MEP_34,8,MEP,MEP
MEP_35,8,MEP,MEP
MEP_36,8,MEP,MEP
MEP_37,8,MEP,MEP
MEP_39,3,CMP,MEP
MEP_40,8,MEP,MEP
MEP_41,8,MEP,MEP
MEP_42,8,MEP,MEP
MEP_44,8,MEP,MEP
MEP_45,8,MEP,MEP
MEP_46,8,MEP,MEP
MEP_47,8,MEP,MEP
MEP_48,8,MEP,MEP
MEP_49,8,MEP,MEP
MEP_50,8,MEP,MEP
MEP_51,8,MEP,MEP
MEP_52,8,MEP,MEP
MEP_53,8,MEP,MEP
MEP_54,8,MEP,MEP
MEP_55,8,MEP,MEP
MEP_56,8,MEP,MEP
MEP_57,8,MEP,MEP
MEP_58,11,MEP,MEP
MEP_59,8,MEP,MEP
MEP_79,8,MEP,MEP
MEP_80,8,MEP,MEP
MEP_81,8,MEP,MEP
MEP_82,8,MEP,MEP
MEP_83,8,MEP,MEP
MEP_85,8,MEP,MEP
MEP_86,3,CMP,MEP
MEP_87,8,MEP,MEP
MEP_89,8,MEP,MEP
MEP_90,8,MEP,MEP
MEP_91,11,MEP,MEP
MEP_92,11,MEP,MEP
MEP_93,11,MEP,MEP
MEP_94,11,MEP,MEP
MEP_95,11,MEP,MEP
MEP_96,11,MEP,MEP
MEP_97,11,MEP,MEP
MEP_98,11,MEP,MEP
MEP_99,11,MEP,MEP
MEP_100,11,MEP,MEP
MEP_101,11,MEP,MEP
MEP_102,11,MEP,MEP
MEP_103,11,MEP,MEP
MEP_104,11,MEP,MEP
MEP_105,11,MEP,MEP
MEP_106,11,MEP,MEP
MEP_107,11,MEP,MEP
MEP_108,11,MEP,MEP
MEP_109,11,MEP,MEP
MEP_110,11,MEP,MEP
MEP_111,11,MEP,MEP
MEP_112,11,MEP,MEP
MEP_113,8,MEP,MEP
MEP_114,11,MEP,MEP
MEP_115,11,MEP,MEP
MEP_116,11,MEP,MEP
MEP_117,11,MEP,MEP
MEP_118,11,MEP,MEP
MEP_119,11,MEP,MEP
MEP_120,8,MEP,MEP
MEP_121,11,MEP,MEP
MEP_122,11,MEP,MEP
MEP_123,11,MEP,MEP
MEP_124,11,MEP,MEP
MEP_125,11,MEP,MEP
MEP_126,11,MEP,MEP
MEP_127,11,MEP,MEP
MEP_128,11,MEP,MEP
MEP_129,11,MEP,MEP
MEP_130,11,MEP,MEP
MEP_131,11,MEP,MEP
MEP_132,11,MEP,MEP
MEP_133,11,MEP,MEP
MEP_134,11,MEP,MEP
MEP_135,11,MEP,MEP
MEP_136,11,MEP,MEP
MEP_137,11,MEP,MEP
MEP_138,11,MEP,MEP
MEP_139,11,MEP,MEP
MEP_140,11,MEP,MEP
MEP_141,11,MEP,MEP
MEP_142,11,MEP,MEP
MEP_143,11,MEP,MEP
MEP_144,11,MEP,MEP
MEP_145,11,MEP,MEP
MEP_146,11,MEP,MEP
MEP_147,11,MEP,MEP
MEP_148,11,MEP,MEP
MEP_149,11,MEP,MEP
MEP_151,11,MEP,MEP
MEP_152,11,MEP,MEP
MEP_153,11,MEP,MEP
MEP_154,11,MEP,MEP
MEP_155,11,MEP,MEP
MEP_156,11,MEP,MEP
MEP_157,8,MEP,MEP
MEP_158,11,MEP,MEP
MEP_159,11,MEP,MEP
MEP_160,8,MEP,MEP
MEP_161,11,MEP,MEP
MEP_162,11,MEP,MEP
MEP_163,11,MEP,MEP
MEP_164,8,MEP,MEP
MEP_165,11,MEP,MEP
MEP_166,11,MEP,MEP
MEP_167,11,MEP,MEP
MEP_169,11,MEP,MEP
MEP_170,11,MEP,MEP
MEP_171,11,MEP,MEP
MEP_172,11,MEP,MEP
MEP_173,11,MEP,MEP
MEP_174,11,MEP,MEP
MEP_175,11,MEP,MEP
MEP_176,11,MEP,MEP
MEP_177,11,MEP,MEP
MEP_178,11,MEP,MEP
MEP_179,11,MEP,MEP
MEP_180,11,MEP,MEP
MEP_181,11,MEP,MEP
MEP_182,11,MEP,MEP
MEP_183,11,MEP,MEP
MEP_184,11,MEP,MEP
MEP_185,11,MEP,MEP
MEP_191,8,MEP,MEP
MEP_193,8,MEP,MEP
MEP_195,8,MEP,MEP
MEP_198,8,MEP,MEP
MEP_200,8,MEP,MEP
MEP_205,8,MEP,MEP
MEP_207,8,MEP,MEP
MEP_208,8,MEP,MEP
MEP_209,8,MEP,MEP
MEP_210,8,MEP,MEP
MEP_214,8,MEP,MEP
MEP_215,8,MEP,MEP
MEP_216,8,MEP,MEP
MEP_217,8,MEP,MEP
MEP_220,8,MEP,MEP
MEP_221,8,MEP,MEP
MEP_222,8,MEP,MEP
MEP_224,8,MEP,MEP
MEP_231,8,MEP,MEP
MEP_238,8,MEP,MEP
MEP_246,8,MEP,MEP
MEP_253,8,MEP,MEP
MEP_254,8,MEP,MEP
MEP_256,3,CMP,MEP
MEP_258,8,MEP,MEP
MEP_259,11,MEP,MEP
MEP_261,8,MEP,MEP
MEP_272,8,MEP,MEP
MEP_274,8,MEP,MEP
MEP_276,8,MEP,MEP
MEP_281,8,MEP,MEP
MPP_0,2,HSC,MPP
MPP_1,2,HSC,MPP
MPP_4,2,HSC,MPP
MPP_5,2,HSC,MPP
MPP_6,2,HSC,MPP
MPP_7,2,HSC,MPP
MPP_8,5,HSC,MPP
MPP_9,6,GMP,MPP
MPP_10,3,CMP,MPP
MPP_12,2,HSC,MPP
MPP_13,2,HSC,MPP
MPP_14,2,HSC,MPP
MPP_15,5,HSC,MPP
MPP_16,5,HSC,MPP
MPP_17,5,HSC,MPP
MPP_18,2,HSC,MPP
MPP_19,2,HSC,MPP
MPP_20,1,HSC,MPP
MPP_21,2,HSC,MPP
MPP_23,2,HSC,MPP
MPP_24,5,HSC,MPP
MPP_25,2,HSC,MPP
MPP_26,5,HSC,MPP
MPP_27,2,HSC,MPP
MPP_29,2,HSC,MPP
MPP_30,5,HSC,MPP
MPP_31,5,HSC,MPP
MPP_33,2,HSC,MPP
MPP_34,2,HSC,MPP
MPP_35,2,HSC,MPP
MPP_36,5,HSC,MPP
MPP_37,2,HSC,MPP
MPP_38,7,CMP,MPP
MPP_39,2,HSC,MPP
MPP_40,2,HSC,MPP
MPP_41,2,HSC,MPP
MPP_42,2,HSC,MPP
MPP_44,6,GMP,MPP
MPP_45,2,HSC,MPP
MPP_46,2,HSC,MPP
MPP_47,2,HSC,MPP
MPP_48,5,HSC,MPP
MPP_49,2,HSC,MPP
MPP_50,5,HSC,MPP
MPP_51,5,HSC,MPP
MPP_53,2,HSC,MPP
MPP_54,5,HSC,MPP
MPP_55,2,HSC,MPP
MPP_56,2,HSC,MPP
MPP_57,6,GMP,MPP
MPP_58,5,HSC,MPP
MPP_59,2,HSC,MPP
MPP_60,5,HSC,MPP
MPP_61,2,HSC,MPP
MPP_62,2,HSC,MPP
MPP_63,2,HSC,MPP
MPP_64,2,HSC,MPP
MPP_65,5,HSC,MPP
MPP_66,5,HSC,MPP
MPP_67,5,HSC,MPP
MPP_68,4,CMP,MPP
MPP_69,2,HSC,MPP
MPP_70,2,HSC,MPP
MPP_71,2,HSC,MPP
MPP_72,6,GMP,MPP
MPP_73,2,HSC,MPP
MPP_75,2,HSC,MPP
MPP_77,2,HSC,MPP
MPP_78,2,HSC,MPP
MPP_79,3,CMP,MPP
MPP_80,5,HSC,MPP
MPP_81,2,HSC,MPP
MPP_82,2,HSC,MPP
MPP_83,1,HSC,MPP
MPP_84,5,HSC,MPP
MPP_85,3,CMP,MPP
MPP_86,2,HSC,MPP
MPP_87,5,HSC,MPP
MPP_88,2,HSC,MPP
MPP_89,2,HSC,MPP
MPP_90,7,CMP,MPP
MPP_91,2,HSC,MPP
MPP_92,5,HSC,MPP
MPP_93,12,MPP,MPP
MPP_94,5,HSC,MPP
MPP_95,2,HSC,MPP
MPP_96,1,HSC,MPP
MPP_97,1,HSC,MPP
MPP_98,1,HSC,MPP
MPP_99,1,HSC,MPP
MPP_100,1,HSC,MPP
MPP_101,3,CMP,MPP
MPP_102,9,LMPP,MPP
MPP_103,1,HSC,MPP
MPP_104,7,CMP,MPP
MPP_105,7,CMP,MPP
MPP_106,7,CMP,MPP
MPP_107,11,MEP,MPP
MPP_108,7,CMP,MPP
MPP_109,7,CMP,MPP
MPP_111,1,HSC,MPP
MPP_112,1,HSC,MPP
MPP_113,1,HSC,MPP
MPP_114,1,HSC,MPP
MPP_115,11,MEP,MPP
MPP_117,7,CMP,MPP
MPP_118,7,CMP,MPP
MPP_119,7,CMP,MPP
MPP_120,7,CMP,MPP
MPP_121,1,HSC,MPP
MPP_122,1,HSC,MPP
MPP_123,1,HSC,MPP
MPP_124,1,HSC,MPP
MPP_125,7,CMP,MPP
MPP_126,1,HSC,MPP
MPP_127,1,HSC,MPP
MPP_128,7,CMP,MPP
MPP_129,7,CMP,MPP
MPP_130,7,CMP,MPP
MPP_131,11,MEP,MPP
MPP_132,1,HSC,MPP
MPP_133,1,HSC,MPP
MPP_134,7,CMP,MPP
MPP_135,1,HSC,MPP
MPP_136,7,CMP,MPP
MPP_137,1,HSC,MPP
MPP_138,7,CMP,MPP
MPP_139,9,LMPP,MPP
MPP_140,1,HSC,MPP
MPP_141,7,CMP,MPP
MPP_142,7,CMP,MPP
MPP_143,1,HSC,MPP
MPP_144,1,HSC,MPP
MPP_145,1,HSC,MPP
MPP_146,1,HSC,MPP
MPP_147,1,HSC,MPP
MPP_148,1,HSC,MPP
MPP_149,3,CMP,MPP
MPP_150,1,HSC,MPP
MPP_151,11,MEP,MPP
MPP_152,1,HSC,MPP
MPP_153,12,MPP,MPP
MPP_154,1,HSC,MPP
MPP_155,1,HSC,MPP
MPP_156,7,CMP,MPP
MPP_158,1,HSC,MPP
MPP_159,7,CMP,MPP
MPP_160,1,HSC,MPP
MPP_161,1,HSC,MPP
MPP_162,1,HSC,MPP
MPP_163,7,CMP,MPP
MPP_164,12,MPP,MPP
MPP_165,7,CMP,MPP
MPP_166,1,HSC,MPP
MPP_168,1,HSC,MPP
MPP_170,1,HSC,MPP
MPP_171,11,MEP,MPP
MPP_173,11,MEP,MPP
MPP_174,7,CMP,MPP
MPP_175,1,HSC,MPP
MPP_176,7,CMP,MPP
MPP_177,1,HSC,MPP
MPP_178,3,CMP,MPP
MPP_179,11,MEP,MPP
MPP_180,1,HSC,MPP
MPP_181,1,HSC,MPP
MPP_182,11,MEP,MPP
MPP_183,3,CMP,MPP
MPP_184,1,HSC,MPP
MPP_185,1,HSC,MPP
MPP_186,1,HSC,MPP
MPP_187,7,CMP,MPP
MPP_188,1,HSC,MPP
MPP_191,1,HSC,MPP
CLP_2,10,CLP,CLP
CLP_12,10,CLP,CLP
CLP_13,10,CLP,CLP
CLP_20,10,CLP,CLP
CLP_23,10,CLP,CLP
CLP_26,10,CLP,CLP
CLP_29,10,CLP,CLP
CLP_35,10,CLP,CLP
CLP_41,10,CLP,CLP
CLP_43,10,CLP,CLP
CLP_49,10,CLP,CLP
CLP_52,10,CLP,CLP
CLP_57,0,GMP,CLP
CLP_60,10,CLP,CLP
CLP_61,10,CLP,CLP
CLP_65,10,CLP,CLP
CLP_66,10,CLP,CLP
CLP_68,10,CLP,CLP
CLP_69,10,CLP,CLP
CLP_70,10,CLP,CLP
CLP_71,10,CLP,CLP
CLP_73,10,CLP,CLP
CLP_74,10,CLP,CLP
CLP_75,10,CLP,CLP
CLP_77,10,CLP,CLP
CLP_78,10,CLP,CLP
CLP_79,10,CLP,CLP
CLP_82,10,CLP,CLP
CLP_85,10,CLP,CLP
CLP_86,10,CLP,CLP
CLP_87,10,CLP,CLP
CLP_90,10,CLP,CLP
CLP_92,10,CLP,CLP
CLP_93,10,CLP,CLP
CLP_95,10,CLP,CLP
CLP_97,10,CLP,CLP
CLP_98,10,CLP,CLP
CLP_99,10,CLP,CLP
CLP_100,10,CLP,CLP
CLP_101,10,CLP,CLP
CLP_102,10,CLP,CLP
CLP_103,10,CLP,CLP
CLP_104,10,CLP,CLP
CLP_107,10,CLP,CLP
CLP_108,10,CLP,CLP
CLP_109,10,CLP,CLP
CLP_110,10,CLP,CLP
CLP_111,10,CLP,CLP
CLP_112,10,CLP,CLP
CLP_113,10,CLP,CLP
CLP_115,10,CLP,CLP
CLP_116,10,CLP,CLP
CLP_119,10,CLP,CLP
CLP_120,10,CLP,CLP
CLP_122,10,CLP,CLP
CLP_123,10,CLP,CLP
CLP_124,10,CLP,CLP
CLP_125,10,CLP,CLP
CLP_126,10,CLP,CLP
CLP_127,9,LMPP,CLP
CLP_128,10,CLP,CLP
CLP_129,10,CLP,CLP
CLP_130,10,CLP,CLP
CLP_132,10,CLP,CLP
CLP_133,10,CLP,CLP
CLP_134,10,CLP,CLP
CLP_135,10,CLP,CLP
CLP_136,10,CLP,CLP
CLP_137,10,CLP,CLP
CLP_140,10,CLP,CLP
CLP_141,10,CLP,CLP
CLP_142,10,CLP,CLP
CLP_143,10,CLP,CLP
CLP_144,10,CLP,CLP
CLP_145,10,CLP,CLP
CLP_146,10,CLP,CLP
CLP_147,10,CLP,CLP
CLP_149,10,CLP,CLP
CLP_150,10,CLP,CLP
CLP_152,10,CLP,CLP
CLP_153,10,CLP,CLP
CLP_154,10,CLP,CLP
CLP_156,10,CLP,CLP
CLP_157,10,CLP,CLP
CLP_158,10,CLP,CLP
CLP_159,10,CLP,CLP
CLP_160,10,CLP,CLP
CLP_162,10,CLP,CLP
CLP_163,10,CLP,CLP
CLP_166,10,CLP,CLP
CLP_168,10,CLP,CLP
CLP_170,10,CLP,CLP
CLP_171,10,CLP,CLP
CLP_172,10,CLP,CLP
CLP_173,10,CLP,CLP
CLP_174,10,CLP,CLP
CLP_175,10,CLP,CLP
CLP_179,10,CLP,CLP
CLP_180,10,CLP,CLP
CLP_181,10,CLP,CLP
CLP_182,10,CLP,CLP
CLP_183,10,CLP,CLP
CLP_185,10,CLP,CLP
CLP_187,10,CLP,CLP
CLP_188,10,CLP,CLP
CLP_189,10,CLP,CLP
CLP_190,10,CLP,CLP
LMPP_0,9,LMPP,LMPP
LMPP_1,0,GMP,LMPP
LMPP_2,9,LMPP,LMPP
LMPP_3,9,LMPP,LMPP
LMPP_4,9,LMPP,LMPP
LMPP_5,9,LMPP,LMPP
LMPP_6,9,LMPP,LMPP
LMPP_7,9,LMPP,LMPP
LMPP_8,0,GMP,LMPP
LMPP_9,9,LMPP,LMPP
LMPP_10,9,LMPP,LMPP
LMPP_11,0,GMP,LMPP
LMPP_12,9,LMPP,LMPP
LMPP_13,0,GMP,LMPP
LMPP_14,9,LMPP,LMPP
LMPP_15,9,LMPP,LMPP
LMPP_16,9,LMPP,LMPP
LMPP_17,9,LMPP,LMPP
LMPP_18,9,LMPP,LMPP
LMPP_19,9,LMPP,LMPP
LMPP_20,9,LMPP,LMPP
LMPP_21,9,LMPP,LMPP
LMPP_22,9,LMPP,LMPP
LMPP_23,9,LMPP,LMPP
LMPP_24,9,LMPP,LMPP
LMPP_25,9,LMPP,LMPP
LMPP_26,9,LMPP,LMPP
LMPP_27,9,LMPP,LMPP
LMPP_28,9,LMPP,LMPP
LMPP_29,6,GMP,LMPP
LMPP_30,0,GMP,LMPP
LMPP_31,9,LMPP,LMPP
LMPP_32,9,LMPP,LMPP
LMPP_33,9,LMPP,LMPP
LMPP_34,9,LMPP,LMPP
LMPP_35,9,LMPP,LMPP
LMPP_36,9,LMPP,LMPP
LMPP_37,9,LMPP,LMPP
LMPP_38,9,LMPP,LMPP
LMPP_39,9,LMPP,LMPP
LMPP_40,9,LMPP,LMPP
LMPP_41,9,LMPP,LMPP
LMPP_42,9,LMPP,LMPP
LMPP_43,9,LMPP,LMPP
LMPP_44,9,LMPP,LMPP
LMPP_45,9,LMPP,LMPP
LMPP_46,9,LMPP,LMPP
LMPP_47,9,LMPP,LMPP
LMPP_48,9,LMPP,LMPP
LMPP_49,9,LMPP,LMPP
LMPP_50,0,GMP,LMPP
LMPP_51,9,LMPP,LMPP
LMPP_52,9,LMPP,LMPP
LMPP_53,9,LMPP,LMPP
LMPP_54,9,LMPP,LMPP
LMPP_55,9,LMPP,LMPP
LMPP_56,9,LMPP,LMPP
LMPP_57,9,LMPP,LMPP
LMPP_58,9,LMPP,LMPP
LMPP_59,9,LMPP,LMPP
LMPP_60,9,LMPP,LMPP
LMPP_61,9,LMPP,LMPP
LMPP_62,9,LMPP,LMPP
LMPP_63,9,LMPP,LMPP
LMPP_64,9,LMPP,LMPP
LMPP_65,9,LMPP,LMPP
LMPP_66,9,LMPP,LMPP
LMPP_68,9,LMPP,LMPP
LMPP_69,9,LMPP,LMPP
LMPP_70,9,LMPP,LMPP
LMPP_71,9,LMPP,LMPP
LMPP_72,9,LMPP,LMPP
LMPP_73,9,LMPP,LMPP
LMPP_74,9,LMPP,LMPP
LMPP_75,9,LMPP,LMPP
LMPP_76,9,LMPP,LMPP
LMPP_77,9,LMPP,LMPP
LMPP_78,9,LMPP,LMPP
LMPP_79,9,LMPP,LMPP
LMPP_80,9,LMPP,LMPP
LMPP_81,9,LMPP,LMPP
LMPP_82,9,LMPP,LMPP
LMPP_83,1,HSC,LMPP
LMPP_84,9,LMPP,LMPP
LMPP_85,9,LMPP,LMPP
LMPP_86,9,LMPP,LMPP
LMPP_87,9,LMPP,LMPP
LMPP_88,9,LMPP,LMPP
LMPP_89,9,LMPP,LMPP
LMPP_90,9,LMPP,LMPP
LMPP_91,9,LMPP,LMPP
LMPP_93,9,LMPP,LMPP
LMPP_94,9,LMPP,LMPP
LMPP_95,9,LMPP,LMPP
